Nome Attività,Categoria,Sito Web,Telefono,Indirizzo,Comune,Provincia,Email,Protocollo,Tecnologia,Cookie Banner,Hosting Provider,Mobile Performance,Desktop Performance,Punteggio SEO,Disponibilità Sito,Stato Manutenzione
Geom Accogli Valerio,Geometra,,349 778 3700,"via lorenzo bernini, 22",Andrano,,,,,,,,,,,
Pratiche Auto & Fiscali di Graziana Accogli,Ufficio patenti,,320 315 9667,"Via Provinciale per Tricase, 72",Andrano,,,,,,,,,,,
Dott. Piero Guercia - Studio Amministrazioni Condominiali Lecce,Servizio di amministrazione immobiliare,,0832 354561,"Via Salvatore Nahi, 3",Lecce,,,,,,,,,,,
Studio Carella Lorenzo,Servizio di amministrazione immobiliare,,0836 427123,"Via Indipendenza, 43",Maglie,,,,,,,,,,,
Studio Commercialista Dr. Antonio Specchia - Amministratore Condominio,Commercialista,,339 406 7721,"Via Giuseppe Mazzini 4 - Fraz, Via Giuseppe Mazzini, 4",Casamassella,,,,,,,,,,,
Dott. Domenico Polimeno Amministratore Condominiale,Servizio di amministrazione immobiliare,,349 087 4074,"Via XXV Aprile, 25",Cutrofiano,,,,,,,,,,,
STUDIO FASANO ALESSIO AMMINISTRAZIONI CONDOMINIALI,Servizio di amministrazione immobiliare,,329 714 3231,"Via G. D'Annunzio, 14",Lecce,,,,,,,,,,,
Accoto Retucci Giuseppina,Tabaccheria,,0836 969186,"Via Roma, 12",Andrano,,,,,,,,,,,
De Donno Dr. Roberto,Servizio di amministrazione immobiliare,,0836 424697,"Via Sant' Antonio Abate, 45",Maglie,,,,,,,,,,,
Studio Stefano Carata,Condominio,,0832 186 0499,"o Centro Commerciale Lo Spazio, Via Marco Biagi, 26 c",Lecce,,,,,,,,,,,
Studio Pascali - Amministrazione condominiale,Condominio,,320 260 8703,"Via Antonio Gramsci, 19",Calimera,,,,,,,,,,,
Amministratore Condominiale De Leo Alessandra,Servizio di amministrazione immobiliare,,393 170 7876,"Via Alessandro Volta, 1",Castromediano,,,,,,,,,,,
Amministratore Condominiale De Carlo Fabio,Servizio di amministrazione immobiliare,,340 625 5935,"Via B. Croce, 23",Lecce,,,,,,,,,,,
Interno 27 Amministrazioni Condominiali di Alessandro De Giovanni,Servizio di amministrazione immobiliare,https://studiointerno27.com/,0832 157 0007,"Via Frà Nicolò da Lequile, 3",Lecce,,interno27amministrazioni@gmail.com,https,WordPress,No,Google LLC,74,98,85.00,Sì,No
Stefania Rosato Gestioni Condominiali,Servizio di amministrazione immobiliare,,320 707 1132,"Via Frà Nicolò da Lequile, 3",Lecce,,,,,,,,,,,
Amministratore Condominio Lecce Salentocondomini Grassi amm.ni Trasparenti w,Servizio di amministrazione immobiliare,https://www.salentocondomini.it/,393 222 5384,"Viale Oronzo Quarta, 17",Lecce,,amministratore@salentocondomini.it,https,WordPress,No,Aruba S.p.A. Network,61,68,100.00,Sì,No
MONACO & PARTNERS - Amministratori Condominiali Immobiliari,Servizio di amministrazione immobiliare,https://www.monacoandpartners.eu/,371 695 6574,Via Fratelli Cervi,San Pietro in Lama,,info@monacoandpartners.eu,https,React,Sì,Google LLC,73,92,100.00,Sì,No
Studio City Home srls (group URSO) - Amministrazioni Condominiali e servizi immobiliari Lecce,Servizio di amministrazione immobiliare,http://www.studiocityhome.it/,0832 390500,"Via dei Palumbo, 55",Lecce,,amministrazioniurso@gmail.com,http,Basekit,No,Aruba S.p.A.,48,68,100.00,Sì,No
Studio Ilaria Taurino- amministrazioni condominiali,Servizio di amministrazione immobiliare,,0832 453550,"Via Cosimo di Palma, 16",Lecce,,,,,,,,,,,
Domogest,Servizio di amministrazione immobiliare,,0832 311600,"Via Giuseppe Zanardelli, 105",Lecce,,,,,,,,,,,
Grimaldi Maria Grazia,Agente immobiliare,http://www.immobiliaregmg.com/,347 955 2127,"Via Cesare Battisti, 75",Andrano,,info@immobiliaregmg.com,http,ASP.NET,No,Genesys Informatica S.r.l,56,55,92.00,Sì,No
Comune di Andrano,Municipio,,0836 929222,"Via Michelangelo, 25",Andrano,,,,,,,,,,,
I.Gest Amministrazioni Condominiali I.Gest Srl,Servizio di amministrazione immobiliare,http://www.igestsrl.it/,0832 231751,"Via Braccio Martello, 2",Lecce,,amministrazione@igestsrl.it,https,WordPress,No,Aruba S.p.A.,56,82,92.00,Sì,No
Amministrazioni condominiali Lecce Capone Micelli,Studio legale,https://www.condominilecce.it/,349 729 6761,"Viale Michele de Pietro, 23",Lecce,,mcmicelli@libero.it,https,WordPress,No,Aruba S.p.A.,69,78,100.00,Sì,No
Studio Monticchio & Micolani,Servizio di amministrazione immobiliare,http://www.monticchioemicolani.com/,0832 311967,"Via del Mare, 7/A",Lecce,,studiomonticchio@legalmail.it,https,React,No,Google LLC,66,92,100.00,Sì,No
TABACCHERIA MEME,Tabaccheria,,0832 326400,"Via Indennitate, 2",Arnesano,,,,,,,,,,,
Studio Associato Amministrazioni Condominiali,Servizio di amministrazione immobiliare,,0832 521270,"Via G.Argento, 15",Lecce,,,,,,,,,,,
Comune di Arnesano,Municipio,,0832 323813,"Via de Amicis, 20",Arnesano,,,,,,,,,,,
Gestione E Servizi Di Marzo Luciano & C. S.A.S.,Servizio di amministrazione immobiliare,,0832 228430,"Viale Giuseppe Grassi, 6",Lecce,,,,,,,,,,,
Alisso Immobiliare,Agenzia immobiliare,https://www.alissoimmobiliare.com/,349 455 4075,"Via Provinciale, 90",Andrano,,alissoimmobiliare@gmail.com,https,WordPress,Sì,Google LLC,56,64,0.00,Sì,No
Avv.De Giovanni Antonio-ANACI Sede Provinciale,Servizio di amministrazione immobiliare,,0832 242861,"Via Frà Nicolò da Lequile, 1",Lecce,,,,,,,,,,,
Studio Caputo Antonio,Servizio di amministrazione immobiliare,http://www.studiocaputoantonio.it/,389 809 1932,"Viale della libertà, 47",Lecce,,info@studiocaputoantonio.it,https,ASP.NET,No,Aruba S.p.A. Network,56,80,82.00,Sì,No
Studio amministrazione condominiale Schiavone Antonio,Servizio di amministrazione immobiliare,,327 994 2167,"Vico Trevisiano, 19",Campi Salentina,,,,,,,,,,,
Municipio Comune di Bagnolo,Municipio,,0836 318005,"Via Rosario Mancini, 4",Bagnolo del Salento,,,,,,,,,,,
Studio Immorlano Amministrazioni Condominiali,Servizio di amministrazione immobiliare,https://www.studioimmorlano.it/,327 927 0071,"Via Papa Giovanni Paolo I, 57",Squinzano,,amm.reimmorlano@gmail.com,https,WordPress,Sì,Aruba S.p.A.,68,95,92.00,Sì,No
Studio Quarta Immobiliare,Agenzia immobiliare,https://www.quartaimmobiliare.com/,320 692 3574,"Via Donatello, S/N",Arnesano,,angeloquarta@libero.it,https,Basekit,No,Aruba S.p.A.,62,64,92.00,Sì,No
Amministrazioni Condominiali Andrea Baldacci,Servizio di amministrazione immobiliare,,320 968 5236,"Viale della Cavalleria, 4",Lecce,,,,,,,,,,,
Studio Barletta,Servizio di amministrazione immobiliare,,0832 392630,"Via Bartolomeo Ravenna, 2",Lecce,,,,,,,,,,,
Studio Riccardo di Dott.ssa Maria Grazia Riccardo,Commercialista,http://www.studioriccardo.it/,333 753 9425,"Via Vittorio Veneto, 81",Maglie,,fernando.stifani@gmaill.com,http,ASP.NET,No,Aruba S.p.A. Network,69,94,92.00,Sì,No
Studio Amministrazioni Condominiali | Salvatore Camposeo,Servizio di amministrazione immobiliare,,0832 934 2440,"Via Oronzo Quarta, 4",Copertino,,,,,,,,,,,
Amministrazioni Ingrosso,Servizio di amministrazione immobiliare,https://www.amministraingrosso.com/?utm_source=google&utm_medium=wix_google_business_profile&utm_campaign=8977685503374475378,348 228 9616,"Via Clemente Antonaci, 4",Lecce,,amministrazioni.ingrosso@gmail.com,https,React,No,Google LLC,62,57,100.00,Sì,No
Studio cardiologico De Iaco,Studio medico,,391 767 8165,"Via Nardini, 1",Alliste,,,,,,,,,,,
De Ceglie Geom. Francesco,Servizio di amministrazione immobiliare,,0833 276304,"Via Arene, 1B",Gallipoli,,,,,,,,,,,
Porta D'oro - Agenzia Immobiliare,Agenzia immobiliare,https://portadoroimmobiliare.blogspot.com/2025/02/porta-doro-agenzia-immobiliare-la-tua.html,379 292 3574,"Via F. Quarta, Via Felline, snc",Racale,,portadoro2024@gmail.com,https,React,No,Google LLC,87,99,85.00,Sì,No
Amministrazioni Rizzardo-Il tuo Condominio Trasparente,Servizio di amministrazione immobiliare,https://www.studiorizzardo.it/,327 363 1598,"Via Osvaldo Cantore, 26",Grottaglie,,info@studiorizzardo.it,https,Joomla,Sì,IT.Gate S.p.A.,56,78,100.00,Sì,No
Studio Vitale Attanasio,Servizio di amministrazione immobiliare,,347 695 9788,"Piazza Anna Frank, n. 4",Manduria,,,,,,,,,,,
Studio Zito,Servizio di amministrazione immobiliare,,099 981 2105,"Via Per Uggiano, 2",Manduria,,,,,,,,,,,
Comune di Carmiano,Municipio,,0832 600200,"Piazza Assunta, 1",Carmiano,,,,,,,,,,,
STUDIO MAZZOTTA & PARTNERS S.R.L.S. Dottori Commercialisti – Consulenti del Lavoro,Commercialista,https://www.studiomazzottaepartners.it/,0832 403193,"Via A. de Gasperi, 84",Carmiano,,info@studiomazzottaepartners.it,https,WordPress,No,Aruba S.p.A.,78,97,92.00,Sì,No
Studi Medici Assist,Associazione / Organizzazione,,099 970 4472,"Via Piave, 56",Avetrana,,,,,,,,,,,
GIG Studio Progettazione Ingegneria & Intermediazione Immobiliare,Ingegnere,https://www.gigstudio.it/,320 339 6468,"Via Stazione, 38 A",Carmiano,,ingcentonze@alice.it,https,WordPress,Sì,Aruba S.p.A.,59,73,85.00,Sì,No
Studio Amministra - Gestione di Immobili in Condominio,Servizio di amministrazione immobiliare,http://www.studioamministra.com/,351 997 1886,"Corso Umberto I, 129",Taranto,,info@studioamministra.com,http,Shopify,Sì,"Squarespace, Inc.",55,91,83.00,Sì,No
Amministrazioni condominiali Sebastio N.& C. s.a.s.,Servizio di amministrazione immobiliare,,099 400 3148,"Via Principe Amedeo, 146",Taranto,,,,,,,,,,,
Schiavone Rag. Giovanni Studio G & S Amministrazioni Condominiali,Azienda per la gestione delle proprietà immobiliari,,099 459 0269,"Via Diego Peluso, 114",Taranto,,,,,,,,,,,
Agenzia Funebre Palumbo,Agenzia funebre,,347 598 2874,"Via Don A. Mazzei, 45",Avetrana,,,,,,,,,,,
Studio Commerciale Dott. Giuri Amedeo,Commercialista abilitato all'esercizio della professione,,0836 554504,"Viale della Libertà, 87",Aradeo,,,,,,,,,,,
Dott.Giuseppe D'Apice - Amministrazione condomini,Servizio di amministrazione immobiliare,,0831 517116,"Viale Porta Pia, 62/64",Brindisi,,,,,,,,,,,
Comune di Avetrana,Associazione / Organizzazione,,099 970 7766,"Via Vittorio Emanuele, 19",Avetrana,,,,,,,,,,,
Delegazione ACI - Aradeo Di Longo Nicola,Ufficio patenti,,0836 552222,"Via Palmiro Togliatti, n. 26",Aradeo,,,,,,,,,,,
Edil Bio House - Impresa Edile Ristrutturazioni chiavi in mano,Impresa edile,http://www.edilbiohouse.it/,348 183 8252,"Via Arciprete Ferrara, 8",Avetrana,,,https,ASP.NET,No,Aruba S.p.A,60,81,100.00,Sì,No
Studio Quarta,Servizio di amministrazione immobiliare,,338 460 0072,"Via Pastrengo, 42",Brindisi,,,,,,,,,,,
Comune di Aradeo,Municipio,,0836 552583,"Via Aldo Moro, 2",Aradeo,,,,,,,,,,,
RLA Amministrazioni Condominiali,Servizio di amministrazione immobiliare,,338 916 0998,"Via Pola, 4",Brindisi,,,,,,,,,,,
STUDIO CONDOMUS Amministrazione Immobili e Revisioni Contabili Condominiali,Servizio di amministrazione immobiliare,,348 313 9556,"Via Saponea, 78",Brindisi,,,,,,,,,,,
Amministratore condominiale - Pierluigi Rag. Antonazzo,Servizio di amministrazione immobiliare,,339 479 0736,"Via Giovanni XXIII, 2",Brindisi,,,,,,,,,,,
Montesano Antonio,Servizio di amministrazione immobiliare,,0831 435121,"Via Monte Santo, 92",Brindisi,,,,,,,,,,,
CONDOMINIO SYSTEM - Amministrazioni Immobili e Revisioni Contabili Condominiali,Servizio di amministrazione immobiliare,,0831 181 3600,"Via Bastioni Carlo V, 14",Brindisi,,,,,,,,,,,
Studio Ernandes amministrazione e gestione condominiali,Servizio di amministrazione immobiliare,,329 392 2239,"Via S. Giovanni Bosco, 52",Brindisi,,,,,,,,,,,
Tedesco Antonio,Servizio di amministrazione immobiliare,,0831 435360,"Via Dalmazia, 37",Brindisi,,,,,,,,,,,
Matulli Cosimo,Consulente dell'impiego,,0831 526429,"Via Annibale de Leo, 28",Brindisi,,,,,,,,,,,
Gabrieli Dott. Gaspare E Carlo,Commercialista abilitato all'esercizio della professione,,0831 515585,"2/A Via Grandi Achille, Brindisi, BR 72100",Brindisi,,,,,,,,,,,
Munafò Salvatore,Ufficio aziendale,,0831 525630,"Via Marco Pacuvio, 54",Brindisi,,,,,,,,,,,
Pompili - Pagliari Adamo Antonio Prof.,Servizio di amministrazione immobiliare,,0831 527808,"Via Indipendenza, 45",Brindisi,,,,,,,,,,,
Amministrazioni Condominiali PUNTOCONDOMINI di Massimo Quarta,Servizio di amministrazione immobiliare,http://puntocondomini.it/,0831 162 0803,"Via Appia, 236",Brindisi,,,http,WordPress,No,Aruba S.p.A. Network,71,93,100.00,Sì,No
Agenzia Pratiche Automobilistiche,Ufficio patenti,,0836 992615,"Via Camillo Benso Conte di Cavour, 56",Botrugno,,,,,,,,,,,
Comune Di Botrugno,Municipio,,0836 992213,"Piazza Indipendenza, 4",Botrugno,,,,,,,,,,,
L'Assunta,Tabaccheria,,0836 992227,"Via Roma, 70",Botrugno,,,,,,,,,,,
Macculi Dr. Silvano,Consulente aziendale,,0836 993493,Via Giuseppe Mazzini,Botrugno,,,,,,,,,,,
Botrugno Felice Antonio,Consulente,,0836 343449,"Via Vittorio Veneto, 145",Muro Leccese,,,,,,,,,,,
Calabrese Luca Bar Tabacchi,Tabaccheria,,0836 318095,"Via Papa Giovanni XXIII, 5",Cannole,,,,,,,,,,,
Cesari Donato Vincenzo,Geometra,,0836 318778,"Via Arturo Toscanini, 16",Cannole,,,,,,,,,,,
Ucini Paolo Amministrazioni Condominiali,Servizio di amministrazione immobiliare,,320 030 6677,"Via Ventuno Aprile, 65",Soleto,,,,,,,,,,,
K. E. R. Consulenza e gestione immobili studio associato,Servizio di amministrazione immobiliare,,347 338 9846,"Via Severo Settimio, 61",Brindisi,,,,,,,,,,,
Assconsulting S.r.l.,Servizio di amministrazione immobiliare,http://www.assconsulting.it/,0831 513153,"Via Dalmazia, 31",Brindisi,,info@assconsulting.it,https,WordPress,Sì,Serverplan s.r.l.,59,86,85.00,Sì,No
Studio Tecnico,Servizio di amministrazione immobiliare,,380 314 4302,"Via Tito, 1",Tricase,,,,,,,,,,,
Geom. Dante Giuseppe De Giorgi,Servizio di amministrazione immobiliare,,320 790 3148,"Via Tito, 1",Tricase,,,,,,,,,,,
Comune di Alessano,Ufficio dell'amministrazione comunale,,0833 524437,"Via Francesco Storella, 15",Alessano,,,,,,,,,,,
Studio di Architettura BIpiùENNE- Arch. Luigi Nicolardi - Arch. Patrizia Bovinelli,Architetto,http://www.bipiuenne.it/,0833 524160,"Via Giuseppe Verdi, 46",Alessano,,,http,ASP.NET,No,Aruba S.p.A. Network,99,98,91.00,Sì,No
Pasquale Ragone Notaio,Notaio pubblico,,0833 781441,"Via Scipione Sangiovanni, 53",Alessano,,,,,,,,,,,
Comune di Castri di Lecce,Municipio,,0832 826451,"Via Roma, 45",Castri di Lecce,,,,,,,,,,,
Stendardo Dr. Osvaldo,Commercialista abilitato all'esercizio della professione,,0833 782246,"Via Scipione Sangiovanni, 34",Alessano,,,,,,,,,,,
Studio Minonne Srlu,Servizio di amministrazione immobiliare,,0832 315388,"Via Potenza, 19",Lecce,,,,,,,,,,,
Casa in Salento,Agenzia immobiliare,http://www.casainsalentoimmobiliare.com/,320 349 8653,"Via Cappuccini, 18",Alessano,,info@casainsalentoimmobiliare.com,https,Joomla,Sì,Hetzner Online GmbH,59,74,66.00,Sì,No
Studio Tecnico Carrisi,Geometra,,380 863 9329,"Via Giuseppe Mazzini, 14",Castri di Lecce,,,,,,,,,,,
Agenzia Immobiliare Bello,Agente immobiliare,http://www.immobiliarebello.com/,339 263 0780,"Via C. Sangiovanni, 22",Alessano,,immobiliarebello@alice.it,https,WordPress,Sì,Hetzner Online GmbH,66,98,100.00,Sì,No
Comune di Alezio,Municipio,,0833 281020,"Via S. Pancrazio, 34",Alezio,,,,,,,,,,,
De Razza Luigi,Servizio di amministrazione immobiliare,,0833 562535,"Via Napoli, 15",Nardò,,,,,,,,,,,
Notaio Carlo Giovanni Barone - Alessano,Notaio pubblico,http://www.studionotarilebarone.it/,0833 781138,Piazzetta Padre Diego Francesco Pedone,Alessano,,info@studionotarilebarone.it,https,WordPress,No,Aruba S.p.A. Network,41,74,92.00,Sì,No
Bonfrate Lucio,Ufficio patenti,,0831 617516,"Via Amalfi, 6",Cellino San Marco,,,,,,,,,,,
Tabaccheria Di De Lorenzo Giselda,Tabaccheria,,0831 619697,"Via Camillo Benso Conte di Cavour, 11",Cellino San Marco,,,,,,,,,,,
ZERODISTANZE CELLINO SAN MARCO,Servizi postali,http://www.zerodistanze.it/,348 742 3984,"Via Camillo Benso Conte di Cavour, 28",Cellino San Marco,,info@zerodistanze.it,https,ASP.NET,No,OVH SAS,62,66,82.00,Sì,No
Comune di Cellino San Marco,Municipio,,0831 615111,"Via Napoli, 2",Cellino San Marco,,,,,,,,,,,
Amministrazione comunale Carovigno,Municipio,,0831 990873,"Via Regina Margherita, 56",Carovigno,,,,,,,,,,,
Marino Pasquale,Tabaccheria,,0831 619397,"Via Guglielmo Marconi, 3",Cellino San Marco,,,,,,,,,,,
Studio Il Condominio,Servizio di amministrazione immobiliare,,0831 339555,"Via Orlando Vittorio Emanuele, 19",Ostuni,,,,,,,,,,,
OFFICINE PARALEGALI OSTUNI - Fattura elettronica - Amministrazione di condominio - PCT,Fornitori di servizi paralegali,,0831 162 0407,"Via Antonio Fogazzaro, 72",Ostuni,,,,,,,,,,,
HS Immobiliare | Costruzioni | Holiday - Services,Agenzia immobiliare,https://hs-immobiliare.it/,340 342 4123,"Via Salvatore Quasimodo, 8",Carovigno,,info@immobiliareinpuglia.it,https,Shopify,Sì,COLT Technology Services Group Limited,71,93,77.00,Sì,No
Affiliato Tecnocasa Studio Carovigno Immobiliare S.R.L.,Agenzia immobiliare,,0831 179 3439,"Via Santa Sabina, 218",Carovigno,,,,,,,,,,,
Centro Diagnostico Radiologico San Marco,Centro di diagnostica per immagini,https://www.diagnosticasanmarco.it/,0831 617156,"Largo Regina Margherita, 5",Cellino San Marco,,segreteria@diagnosticasanmarco.it,https,Shopify,Sì,Hetzner Online GmbH,66,81,100.00,Sì,No
Terra Home,Agenzia immobiliare,https://www.terrahome.it/,0831 182 5038,"Corso Vittorio Emanuele, 36",Carovigno,,info@terrahome.it,https,ASP.NET,Sì,Aruba S.p.A. Network,70,78,82.00,Sì,No
Tecnocasa' Di De Jacob Sergio,Agenzia immobiliare,,0836 589052,"Via XXV Aprile, 12",Castrignano De' Greci,,,,,,,,,,,
Geometra Vincenzo LOTTI,Geometra,,339 313 7106,"Via Lecce, n°67/A",Carovigno,,,,,,,,,,,
Agenzia immobiliare LeCasediAngela di Angela Marinò,Agenzia immobiliare,http://www.lecasediangela.it/,392 855 6370,"Corso Vittorio Emanuele, 60",Carovigno,,info@lecasediangela.it,https,WordPress,Sì,Aruba S.p.A.,61,75,92.00,Sì,No
Castrignano DeiGreci Le,Ufficio aziendale,,0836 589432,"Via Giordano 1angolopiazzaAmoro lecce, Isituto",Santa Chiara,,,,,,,,,,,
Cartolibreria OLTRE - Steve Nuzzo,Edicola,,0836 583582,"Via Michelangelo, 36",Castrignano De' Greci,,,,,,,,,,,
"Casa Mamita, Carovigno",Servizio di amministrazione immobiliare,,+32 478 38 18 92,"Casa Mamita, Contrada Macchia Grande",Carovigno,,,,,,,,,,,
CONDOMINI 2.0 di Valerio Leonardo RUSSI,Servizio di amministrazione immobiliare,,351 720 2165,"Via Arco dei Calderai, 80",Castellaneta,,,,,,,,,,,
Studio Oikos,Servizio di amministrazione immobiliare,,099 844 1715,"Via Roma, 38",Castellaneta,,,,,,,,,,,
Municipio,Municipio,,0836 583216,"Via Costantinopoli, 26",Castrignano De' Greci,,,,,,,,,,,
Rag. Passarelli Francesco amministratore condominiale,Servizio di amministrazione immobiliare,,099 400 1446,"Via Mauro Fasano, 33",Castellaneta,,,,,,,,,,,
Schiattone Nunzio,Servizio di amministrazione immobiliare,,099 844 1741,"Via S. Rocco, 67",Castellaneta,,,,,,,,,,,
30 40 Impresa Edile - Costruzione e vendita case a Carovigno - Progettazione e Vendita ville personalizzate a Carovigno,Impresa di costruzioni,http://www.3040imprese.it/,0831 990924,Contrada Polinisso,Carovigno,,,https,WordPress,Sì,Server Plan S.r.l.,31,39,92.00,Sì,No
Comune di Castrignano del Capo,Municipio,,0833 751068,Via Municipio,Castrignano del Capo,,,,,,,,,,,
Venere Francesco,Servizio di amministrazione immobiliare,,099 844 1586,"Via Pietro Nenni, 10",Castellaneta,,,,,,,,,,,
Management Immobiliare,Agente immobiliare,http://www.managementimmobiliare.net/,338 836 6094,"Via Costantinopoli, 80",Castrignano de' Greci,,info@managementimmobiliare.net,https,WordPress,No,Server Plan S.r.l.,56,81,92.00,Sì,No
"Dadamo Immobiliare, Real Estate Agency",Agenzia immobiliare,http://www.dadamoimmobiliare.it/,340 898 4858,"Via Generale Carlo Alberto dalla Chiesa, 28",Carovigno,,francesco.dadamo@libero.it,https,Joomla,No,SEEWEB s.r.l.,73,76,92.00,Sì,No
Studio Pe.Tra - Amministrazioni Condominiali,Servizio di amministrazione immobiliare,,099 849 2987,"Via Ospedale, 63",Castellaneta,,,,,,,,,,,
Studio di amministrazione condominiale,Condominio,,339 723 2306,"Via Giuseppe Mazzini, 7",Maruggio,,,,,,,,,,,
Centro Storico Carpignano Salentino,Attrazione turistica,,0836 586017,Via Roma,Carpignano Salentino,,,,,,,,,,,
Agenzia Immobiliare Leucos di Pierluigi Colaci,Agenzia immobiliare,https://immobiliareleucos.com/,328 885 0942,Via Rimembranza,Castrignano del Capo,,immobiliareleucos@gmail.com,https,WordPress,Sì,SEEWEB s.r.l.,52,54,85.00,Sì,No
Claudio Enzo Amministrazioni Condominiali Srl,Azienda per la gestione delle proprietà immobiliari,,041 530 0306,"Via Fausta, 71/A",Cavallino-Treporti,,,,,,,,,,,
Studio Ingrosso,Consulente finanziario,,0832 612134,Via Mario Gorgoni 42,Cavallino,,,,,,,,,,,
Mangia Riccardo,Notaio pubblico,,0831 377098,"Via Cristoforo Colombo, 2",Ceglie Messapica,,,,,,,,,,,
Studio Tecnico Geometra Tari' Tonino,Geometra,,0831 376435,"Via Caduti di Via Fani, 42",Ceglie Messapica,,,,,,,,,,,
Domus Service S.A.S. Di Barbassi Sebastiano & C.,Servizio di amministrazione immobiliare,https://www.domus-service.it/,041 537 0964,"Via Fausta, 403",Cavallino,,info@domus-service.it,https,WordPress,No,Netsons s.r.l.,97,100,100.00,Sì,No
Comune di Cavallino,Ufficio dell'amministrazione comunale,,0832 617111,"Via Pietro Ciccarese, 5",Cavallino,,,,,,,,,,,
TECNO PROFIM,Agenzia immobiliare,http://www.puntoprofim.it/,339 419 9444,"Via Francesco Argentieri, 143/G",Ceglie Messapica,,puntoprofim@libero.it,https,ASP.NET,Sì,COLT Technology Services Group Limited,65,90,83.00,Sì,No
Affiliato Tecnocasa Studio Ceglie Messapica S.A.S.,Agenzia immobiliare,,0831 162 1834,"Via Porta di Giuso, 53",Ceglie Messapica,,,,,,,,,,,
Santoro Cosimo,Geometra,,0831 383706,"Via Francesco Argentieri, 2",Ceglie Messapica,,,,,,,,,,,
Amministrazione Condominio Mancini Ylenia,Servizio di amministrazione immobiliare,,080 237 4341,"Via Giuseppe Mazzini, 149",Polignano a Mare,,,,,,,,,,,
Amministratore Condominiale & Multiservice H2O,Servizio di amministrazione immobiliare,http://yourindex.red/amministratorecondominialemultiserviceh2o,391 457 4474,"Via Osanna, 16",Lequile,,,,React,Non trovato,Contabo GmbH,72,98,73.00,No - Pagina Non Trovata (404),No
Calo' Annamaria Amministrazione Condominiale,Servizio di amministrazione immobiliare,,099 730 2966,"Via Argentina, 39",Taranto,,,,,,,,,,,
Amminixtra di Carella Giovanni,Servizio di amministrazione immobiliare,,080 485 8497,"Via Davide Carrieri, 2",Martina Franca,,,,,,,,,,,
Agenzia Nacci Di Nacci Giuseppe,Ufficio patenti,https://www.nacciservice.it/,0831 382166,"Via Milano, 38",Ceglie Messapica,,nacciservice@libero.it,https,Shopify,No,Aruba S.p.A. Network,60,88,92.00,Sì,No
Santoro Cosimo Consulenza del Lavoro,Consulente aziendale,,0831 377705,"Via Francesco Argentieri, 149",Ceglie Messapica,,,,,,,,,,,
Ma.Da Gestione Amministrazione Immobiliare,Servizio di amministrazione immobiliare,,0831 853884,"Via Carlo Pisacane, 104",Francavilla Fontana,,,,,,,,,,,
Amministrazione di condomini Studio Scarano S.r.l.s.,Servizio di amministrazione immobiliare,http://www.studioscaranosrls.it/,080 244 1616,"Via Paolo VI, 21/23",Monopoli,,,https,React,No,Google LLC,66,92,92.00,Sì,No
Amministratore Condominio - Studio D'Auria Daniele,Servizio di amministrazione immobiliare,,333 459 3099,"Via Canonico G. del Drago, 8",Monopoli,,,,,,,,,,,
Studio Associato di Amministrazione Condominiale Antonio e Beatrice Cito,Servizi legali,,392 613 0433,"Via dei Cedri, 1 B",Martina Franca,,,,,,,,,,,
LionAmministrazioni di Salvatore e Cosimo Smiraglia,Servizio di amministrazione immobiliare,,392 188 7632,"Via Tito Minniti, 56",Taranto,,,,,,,,,,,
Studio Condominiale Dimore di Puglia Agenzia Immobiliare,Servizio di amministrazione immobiliare,http://www.dimoredipuglia.it/,080 967 0824,"Via Serranuda, 18",Martina Franca,,info@dimoredipuglia.it,https,WordPress,No,Aruba S.p.A.,50,87,92.00,Sì,No
Messapica Service: Agenzia immobiliare - Agenzia Multiservizi,Agenzia immobiliare,https://www.messapicaservice.com/,0831 367324,"Via F. Crispi, 79",Ceglie Messapica,,info@messapicaservice.com,https,ASP.NET,Sì,Aruba S.p.A. Network,41,38,82.00,Sì,No
Studio Semeraro S R L,Servizio di amministrazione immobiliare,,080 483 2670,"Via G. Rossini, 16",Martina Franca,,,,,,,,,,,
Comune di Castrignano dei Greci,Municipio,,0836 583006,"Via Costantinopoli, 47",Castrignano de' Greci,,,,,,,,,,,
Studio Di Consulenza Dott. Giannachi Pier Luigi,Commercialista,http://www.studiogiannachi.it/index.html,0836 320026,"Via Coriolano, 3",Corigliano d'Otranto,,,https,Shopify,No,Host SpA,50,72,82.00,Sì,No
Comune di Corigliano d'Otranto,Municipio,,0836 320705,"Via Ferrovia, 19",Corigliano d'Otranto,,,,,,,,,,,
Istituto Santa Chiara - Castrignano de' Greci,Centro di diagnostica per immagini,https://www.istitutosantachiara.it/,327 003 0653,Via Umberto Giordano,Castrignano De' Greci,,,https,Joomla,No,Keliweb S.R.L,31,0,100.00,Sì,No
Click&Home Srl,Agenzia di affitto di case per vacanze,,389 687 4087,"Via Enrico de Nicola, 32",Collepasso,,,,,,,,,,,
Amministrazioni Condominiali Astro,Condominio,,338 919 0785,"Via M. Renato Imbriani, 49",Lecce,,,,,,,,,,,
Studio Tecnico Geom. Mariano Gabriele,Geometra,,339 446 1334,"Piazza Papa Pio XII, 20",Cursi,,,,,,,,,,,
Comune di Collepasso,Municipio,https://www.comunedicollepasso.le.it/,0833 341568,"Piazza Dante Alighieri, 25",Collepasso,,comunecollepasso@pec.rupar.puglia.it,https,Joomla,Sì,Aruba S.p.A.,50,73,83.00,Sì,No
Massafra Doriana Amministr. Condominiali,Servizio di amministrazione immobiliare,,346 307 7608,"Via Roma, 62",Crispiano,,,,,,,,,,,
Progetto Verde Servizi srl,Paesaggista,http://www.progettoverdeservizi.it/,333 561 9794,"Via Ugo Bassi, 99",Collepasso,,progettoverdeservizisrl2005@gmail.com,https,React,No,Google LLC,73,94,100.00,Sì,No
GM Immobiliare,Agenzia immobiliare,https://gm-immobiliare.eu/,331 589 3022,"Via Principe di Piemonte, 208",Collepasso,,gmprogettiimmobiliari@gmail.com,https,Shopify,No,Aruba S.p.A.,76,84,75.00,Sì,No
Amministrazioni Condominiali di Manigrasso Simona,Servizio di amministrazione immobiliare,,099 372667,"Via Polibio, 6",Taranto,,,,,,,,,,,
Geom. Giovanni Colucci,Geometra,,099 612022,"Via Scaletta, 22A",Crispiano,,,,,,,,,,,
Studio Russo di Russo Giovanna,Ufficio patenti,,099 956 1980,"P.za Regina Elena, 7",Fragagnano,,,,,,,,,,,
Amministrazione Condominiale Proimmobili,Condominio,http://www.proimmobilicondominio.it/,099 612757,"Vico Somalia, 2",Crispiano,,,http,WordPress,No,Aruba S.p.A. Network,56,79,85.00,Sì,No
VM Amministrazioni e servizi di Maffeo Vincenzo,Servizio di amministrazione immobiliare,,320 862 3249,"Via Helen Keller, 6",Taranto,,,,,,,,,,,
Amministratore Condominio Uppi Service Taranto S.R.L.,Servizio di amministrazione immobiliare,,375 560 1715,"Piazza Papa Giovanni XXIII, 5",Taranto,,,,,,,,,,,
Amministrazioni Condominiali Studio Cd S.A.S,Servizio di amministrazione immobiliare,,099 400 1541,"Via Fiume, 5",Taranto,,,,,,,,,,,
MA.CI AMMINISTRAZIONI,Servizio di amministrazione immobiliare,,375 744 7168,"Corso Umberto I, 144",Taranto,,,,,,,,,,,
Studio Amministrazioni Condominiali Rag. Giuseppe De Filippis,Servizio di amministrazione immobiliare,,099 452 8238,"Via Giuseppe Mazzini, 93",Taranto,,,,,,,,,,,
Professionecasa® - Planet Immobiliare Sasviavia Rossini,Agente immobiliare,http://professionecasa.it/,099 994 1791,"Via Martina Franca, 45",Crispiano,,,https,Angular,Sì,Irideos S.P.A.,56,66,82.00,Sì,No
Studio Amministrazione Condominiale Rag. Giulio Cicaloni,Servizio di amministrazione immobiliare,http://studiocicaloni.it/,366 311 6097,"Via Papa Giovanni XXIII, 5",San Giorgio Ionico,,,https,WordPress,Sì,Aruba S.p.A,65,91,69.00,Sì,No
Studio Associato Ippocrate 2000,Medico di famiglia,,099 956 0206,"Via Istria, 26",Fragagnano,,,,,,,,,,,
Amministrazioni Condominiali Avv. Angelo Pacifico,Servizio di amministrazione immobiliare,https://www.amministratorecondominiotaranto.it/,331 963 9833,"Via Umbria, 163",Taranto,,condominio099@gmail.com,https,WordPress,No,Aruba S.p.A. Network,79,98,100.00,Sì,No
"ACAI Taranto, No Profit, Corsi di Formazione per Amministratori di Condominio - per associati",Servizio di amministrazione immobiliare,http://www.formazioneacai.com/,099 333200,"Via Dante Alighieri, 61",Taranto,,,https,WordPress,No,"Cloudflare London, LLC",64,82,85.00,Sì,No
Studio Faggiano,Consulente del lavoro,,0832 331360,"Via Taranto, 92",Lecce,,,,,,,,,,,
G & D Progetto Impresa E Servizi Aziendali Societa' Cooperativa,Consulente aziendale,,0833 865437,"Via XX Settembre, 180",Galatone,,,,,,,,,,,
Studio Legale Avv Matteo Sportelli,Servizi legali,,0833 864467,"Via Cairoli, 69",Galatone,,,,,,,,,,,
Rag. Pisanelli Tommaso,Commercialista abilitato all'esercizio della professione,,0833 862926,"Via Torquato Tasso, 16",Galatone,,,,,,,,,,,
Studio geom. Zizzo Pietro Gestione amministrazione Immobiliare e progettazione edile,Azienda per la gestione delle proprietà immobiliari,,339 853 1553,"Salita della Carità, 28",Francavilla Fontana,,,,,,,,,,,
HACCP LECCE - Dott. Faggiano,Consulente sanitario,http://www.studiofaggiano.com/,328 388 0942,"Via Col di Tenda, 44",Monteroni di Lecce,,stefanofaggiano@libero.it,https,Angular,Sì,Google LLC,64,90,82.00,Sì,No
Dorato Caterina,Avvocato,,0833 864410,"Via XX Settembre, 121",Galatone,,,,,,,,,,,
RIELLO - GESTIMP S.R.L.,Ditta specializzata in impianti di riscaldamento,http://www.gestimp.it/,0833 867900,"Via L. Spagna, 29/A",Galatone,,,https,WordPress,No,Aruba S.p.A.,92,99,92.00,Sì,No
STUDIO GRECO - Rag. Giovanni Greco,Servizio di amministrazione immobiliare,,349 663 8077,"o Galleria Consiglio, Via Cavalieri di Rodi, 19 c",Gallipoli,,,,,,,,,,,
Provenzano Massimo,Negozio,,0833 264145,"Via Specolizzi, 87",Gallipoli,,,,,,,,,,,
Comune di Gagliano del Capo,Municipio,,0833 548575,"Piazzetta Del Gesu', Gagliano Del Capo, Le 73034",Gagliano del Capo,,,,,,,,,,,
Riv. Ne1 Arbace-Pelagalli Di Arbace De Francesco Donato,Tabaccheria,,0833 547565,"Corso Umberto I, 82",Gagliano del Capo,,,,,,,,,,,
Studio Tecnico Dott. Geom. Vincenzo Ribecco,Geometra,,099 829 5075,"Via Teano, 10",Ginosa,,,,,,,,,,,
Quinto Maria,Servizio di amministrazione immobiliare,,099 824 5917,"Via Francesco Ricciardi, 5",Ginosa,,,,,,,,,,,
Dr. Bitonti Gabriele S. - ApuliaRE.com - Apulia Real Estate I.A.,Agenzia immobiliare,http://www.apuliare.com/,376 076 0687,"Via Margherita di Savoia, 31",Gagliano del Capo,,,https,WordPress,Sì,Aruba S.p.A. Network,0,77,69.00,Sì,No
"IQOS RESELLER - Tabaccheria Caroppo, Giuggianello",Tabaccheria,,0836 341510,"Via Roma, 34",Giuggianello,,,,,,,,,,,
Assicurazioni Protopapa sas di Protopapa Luigi & Co Agenzia Generale Cattolica Ass.ni Rca Vita,Agenzia di assicurazioni,http://agenzia.cattolica.it/gaglianodelcapo/.it/home,0833 791236,Via Unità d' Italia 24/C SS 275,Gagliano del Capo,,,https,React,Sì,Google LLC,36,57,92.00,Sì,No
Comune Di Giuggianello,Municipio,,0836 444920,"Piazza degli Eroi, 13",Giuggianello,,,,,,,,,,,
Studio Monopoli,Servizio di amministrazione immobiliare,,099 566 1017,"Via G. Ferraris, 101B",Grottaglie,,,,,,,,,,,
Studio Di Amm.ne Condominiale,Servizi legali,,389 856 8116,"Via Liside, 4",Taranto,,,,,,,,,,,
Centro Servizi Di Leo Mario Donato,Agenzia di assicurazioni,,0832 706813,"Via de gasperi, 16",Guagnano,,,,,,,,,,,
Amministrazioni condominiali Tommaso Corrente,Servizio di amministrazione immobiliare,,328 254 0925,"Via Liside, 20",Taranto,,,,,,,,,,,
Taurino Egidia - Studio Consulenza e marketig,Servizio di amministrazione immobiliare,http://www.studiotaurino.com/,099 477 5841,"Via Salinella, 3 a/b",Taranto,,,https,React,Sì,Netsons Network,61,91,92.00,Sì,No
Acap amministratori condominio,Azienda per la gestione delle proprietà immobiliari,https://www.amministratoriacap.it/,334 389 7941,"Via Diego Peluso, 47",Taranto,,,https,ASP.NET,Sì,Aruba S.p.A.,46,46,85.00,Sì,No
Comune di Guagnano,Municipio,,0832 704021,"Piazza Maria SS. del Rosario, 13",Guagnano,,,,,,,,,,,
Domus Gifts di Ilaria Perrone & Giuseppe Pezzuto Snc,Negozio di articoli da regalo,http://www.domusgifts.it/,328 031 9784,"Via Provinciale, 195",Guagnano,,,https,WordPress,Sì,Aruba S.p.A.,82,99,85.00,Sì,No
Comune Di Giurdignano,Municipio,,0836 813003,Via XXV Aprile,Giurdignano,,,,,,,,,,,
Centro Revisioni Matteo De Pasca,Centro per la revisione tecnica delle auto,,329 546 2059,"Via Vittorio Veneto, 15",Giurdignano,,,,,,,,,,,
Agenzia Funebre Sant'Angelo di Ruggeri Loredana,Agenzia funebre,,327 936 0273,"Via S. Rocco, 11B",Giurdignano,,,,,,,,,,,
ARNES Immobiliare di Marco Arnesano,Servizio di amministrazione immobiliare,,320 747 1569,"Corso della Repubblica, 69",Lizzanello,,,,,,,,,,,
Comune di Lizzanello,Municipio,,0832 651782,"Piazza S. Lorenzo, 48",Lizzanello,,,,,,,,,,,
Studio Odontoiatrico B.D.M. Srl,Dentista,,0832 303849,"Via Papa Giovanni XXIII, 9",Lizzanello,,,,,,,,,,,
Zaccaria Angelo,Geometra,,099 955 6837,"Via Don Giovanni Bosco, 3",Lizzano,,,,,,,,,,,
Soluzione Casa,Consulente immobiliare,,0832 910703,"P.za Fontana, 1",Leverano,,,,,,,,,,,
IMMOBILIARE D'ONOFRIO,Agente immobiliare,http://www.agenziadonofrio.eu/,338 466 0987,"Via Fratelli Bandiera, 36",Lizzanello,,agenziadonofrio@gmail.com,https,ASP.NET,Sì,COLT Technology Services Group Limited,63,96,92.00,Sì,No
Studio Medico Associato Dei Dottori Vergine Rocco Savina Giacomo Mar,Medico di famiglia,,0832 911064,"Via Goito, 2",Leverano,,,,,,,,,,,
Consulenze e Gestioni Immobiliari Casale,Servizio di amministrazione immobiliare,,380 345 0564,"Via Duca di Genova, 63",Taranto,,,,,,,,,,,
STUDIO TARANTINO,Ufficio patenti,,0832 910102,"Via dei Tigli, 44",Leverano,,,,,,,,,,,
Studio Ancona Piero amministrazione condominiale a Taranto,Servizio di amministrazione immobiliare,http://www.studioancona.com/,099 736 3447,"Corso Piemonte, 104",Taranto,,,https,WordPress,No,Aruba S.p.A. Network,86,98,92.00,Sì,No
Caputo Servizi di Rocchino Caputo,Agenzia di assicurazioni,,338 321 4179,"Via Fratelli Rosselli, 37",Leverano,,,,,,,,,,,
Comune di Leverano,Municipio,,0832 923411,"Via C. Menotti, 14",Leverano,,,,,,,,,,,
Damanzo Vittorio Suppressa Annarita Studio Associato Commercialisti,Commercialista abilitato all'esercizio della professione,,0832 910325,"Via Filippo Turati, 1",Leverano,,,,,,,,,,,
Agenzia Giannuzzi,Agenzia di assicurazioni,http://www.agenziagiannuzzi.com/,339 576 9958,"Via Pozzelle, 12",Martano,,,https,React,No,Google LLC,64,96,73.00,Sì,No
Amministrazione Condominiale di Carlo Martano,Servizio di amministrazione immobiliare,http://www.amministrazionemartano.it/,328 424 4658,"Viale dei Lauri, 17/19",Ariccia,,studio@amministrazionemartano.it,https,Basekit,No,Aruba S.p.A.,50,54,92.00,Sì,No
Pascaspiro,Agenzia di affitto di case per vacanze,,347 610 9180,"Strada Provinciale Caprarica di Lecce - Martano a 2km da Martano (LE), Martano 73010",Martano,,,,,,,,,,,
Comune di Melpignano,Municipio,,0836 331764,"Piazza Antonio Avantaggiato, 2",Melpignano,,,,,,,,,,,
Emarcasa immobiliare,Agenzia immobiliare,http://www.emarcasaimmobiliare.it/,328 543 0050,"Via Soleto, 60",Martano,,riccardozacheo@gmail.com,http,Joomla,No,Aruba S.p.A. Network,57,72,92.00,Sì,No
Studio Tecnico Geom. Massimiliano Chiatante - Amministratore Condominiale,Geometra,,328 617 8663,"Via Antonio Fogazzaro, 3",Martina Franca,,,,,,,,,,,
ADmin Studio,Servizio di amministrazione immobiliare,,349 531 9316,"Via Michele Giuliani, 7",Martina Franca,,,,,,,,,,,
Miali Attilio,Servizio di amministrazione immobiliare,,080 480 3881,"Via Alessandro Fighera, 27",Martina Franca,,,,,,,,,,,
Studio Toma del Dr. Giorgio Salvatore Toma,Commercialista abilitato all'esercizio della professione,,0833 506381,"Via Maria Santissima Addolorata, 71",Matino,,,,,,,,,,,
Sportello del Cittadino Melissano,Sindacato,,349 360 3719,"Via Racale, 23",Melissano,,,,,,,,,,,
Agenzia Immobiliare Barone,Agenzia immobiliare,,0833 506707,"Via Roma, 263",Matino,,,,,,,,,,,
Agenzia Immobiliare Giannuzzi & Zacheo,Agenzia immobiliare,http://www.gzimmobiliare.com/,345 451 4997,"Via Guglielmo Marconi, 33",Martano,,info@gzimmobiliare.com,https,Shopify,Sì,Server Plan S.r.l.,32,40,100.00,Sì,No
Volpe Maria Concetta Studio di Consulenza Fiscale e Amministrazione,Commercialista,,0831 771559,"Via Nino Bixio, 30",Mesagne,,,,,,,,,,,
Studio Giaracuni Sas Di Matino Maria Rosaria & C.,Consulente finanziario,,0833 588894,"Via Felline, 62",Melissano,,,,,,,,,,,
Comune di Melissano,Municipio,,0833 586211,"Via Casarano, 71",Melissano,,,,,,,,,,,
STADAM Materiale elettrico,Negozio di forniture elettriche,,320 843 0494,"Via Wolfgang Amadeus Mozart, 20",Melendugno,,,,,,,,,,,
Euroconsulenza,Agenzia immobiliare,https://www.euroconsulenza.net/,320 705 8321,"Via Don Giovanni Minzoni, n.40",Melissano,,,https,ASP.NET,Sì,Aruba S.p.A.,60,69,85.00,Sì,No
CARTOLERIA A&J... DI DORIA SAVERIO,Cartoleria,,351 519 5431,"Via IV Novembre, 37",Melendugno,,,,,,,,,,,
Muri Geom. Luigi,Geometra,,0831 777600,"Via Cadore, 2C",Mesagne,,,,,,,,,,,
Monaco Geom. Donato,Geometra,,0833 762608,"Via Silvio Pellico, 73",Montesano Salentino,,,,,,,,,,,
Comune di Montesano Salentino,Municipio,,0833 763611,"Via Monticelli, 49",Montesano Salentino,,,,,,,,,,,
"Ingegnere civile Domenico Massimo Scozzi, studio di ingegneria",Ingegnere,https://ingegnerescozzi.it/,338 874 4626,"Via Casarano, 79",Melissano,,info@ingegnerescozzi.it,https,Shopify,Sì,Hetzner Online GmbH,61,94,100.00,Sì,No
Comune di Melendugno,Ufficio dell'amministrazione comunale,,0832 832111,"Piazza Risorgimento, 24",Melendugno,,,,,,,,,,,
Studio Associato Dima Petrachi Saracino.,Commercialista,,0832 831463,"Corso Cavour, 26",Melendugno,,,,,,,,,,,
Spazio Enel Partner Melendugno,Agente di commercio,,0832 834558,"Via IV Novembre, 36",Melendugno,,,,,,,,,,,
Notaio Federico Colletti,Notaio,https://www.notaiocolletti.it/,0832 891349,"Via G. D' Amely, 25",Melendugno,,,https,ASP.NET,Sì,"Amazon.com, Inc.",46,78,83.00,Sì,No
Comune di Miggiano,Municipio,,0833 761143,"Via Provinciale, 1",Miggiano,,,,,,,,,,,
Centro Medico Stay Healthy,Servizio di salute mentale,,329 773 0654,"Via Gaetano Donizetti, 14",Miggiano,,,,,,,,,,,
Paolo Iacobino - Amministratore Condominiale e Immobiliare - Sede di Massafra,Servizio di amministrazione immobiliare,,347 997 4398,"Via Colonnello Scarano, 105",Massafra,,,,,,,,,,,
Residenza Anziani La casa di Fabio,Casa di riposo,https://www.residenzaanzianifabio.it/,375 816 7252,"Piazza Sandro Pertini, 12",Melendugno,,residenza.anzianifabio@gmail.com,https,Wix,No,Google LLC,56,77,100.00,Sì,No
Avv. Giovanni Mazzarone,Servizio di amministrazione immobiliare,http://www.studiomazzarone.it/,099 652 3846,"1^, Via Sandro Pertini, 7",Massafra,,info@studiomazzarone.it,https,WordPress,No,Aruba S.p.A.,33,66,61.00,Sì,No
Studio Amm.Co. Di Galetta Vito,Servizio di amministrazione immobiliare,,099 739 9602,"Via Lucania, 66",Taranto,,,,,,,,,,,
Studio di progettazione - Ing. Leonardo Piano,Ingegnere,,327 057 1031,"Via Borgo Murtole, 72",Minervino di Lecce,,,,,,,,,,,
Drc Studio Legale & Commerciale,Consulente dell'impiego,,0836 818003,"Via Proc. G. Bandello, 55",Minervino di Lecce,,,,,,,,,,,
Hair Studio di Stefano Daniele,Parrucchiere,,0836 818198,"Via Roma, 19",Minervino di Lecce,,,,,,,,,,,
Mauro CARTANI Geometra,Geometra,,339 316 6485,"Via XXIV Maggio, 110",Monteparano,,,,,,,,,,,
Agenzia immobiliare Studio Garibaldi,Agenzia immobiliare,,0832 090608,"Viale Giuseppe Garibaldi, 55",Monteroni di Lecce,,,,,,,,,,,
Studio di Consulenza Automobilistica Pati,Agenzia pratiche auto e barche,,328 046 0671,"Piazzetta Politi, Via Spacciante, N 1",Monteroni di Lecce,,,,,,,,,,,
Comune di Minervino di Lecce,Municipio,,0836 891063,Via Duca Abruzzi,Minervino di Lecce,,,,,,,,,,,
Agenzia Immobiliare Magic House di Chirizzi Ilenia Monteroni di Lecce,Agenzia immobiliare,,328 702 1626,"Via San Fili, 20",Monteroni di Lecce,,,,,,,,,,,
Avvocato Lecce Antonella Morciano,Avvocato esperto in diritto di famiglia,,324 553 1157,"Via M. Buonarroti, 26",Castromediano,,,,,,,,,,,
Gestione Immobiliare Snc Di Bartolini,Servizio di amministrazione immobiliare,,0541 858105,"Via G. Colombari, 20",Morciano di Romagna,,,,,,,,,,,
Palmisano Michele - Amministratore Condominiale e Immobiliare,Servizio di amministrazione immobiliare,,392 494 2087,"Via Cristoforo Colombo, 3",Mottola,,,,,,,,,,,
Studio Montemurro Amministrazione Condominiale e Consulenza,Servizio di amministrazione immobiliare,,345 089 6235,"Corso Vittorio Emanuele, 90",Mottola,,,,,,,,,,,
Salento Agency,Agenzia immobiliare,https://salentoagency.it/,339 580 3604,"Piazza Torre, 11",Torre Vado,,salentoagency@gmail.com,https,WordPress,Sì,Infomaniak Network Management,43,68,100.00,Sì,No
Agenzia Colizzi Di Colizzi Stefano Cosimo,Ufficio patenti,,0836 343585,"Via Malta, 164",Muro Leccese,,,,,,,,,,,
Elettra Domus Di Gnoni Davide,Negozio di forniture elettriche,,0836 343149,"Via Malta, 120",Muro Leccese,,,,,,,,,,,
Studio Tecnico Accoto - Geom. Roberto Accoto,Geometra,,389 976 8918,"Via Tripoli, 37/c",Muro Leccese,,,,,,,,,,,
Comune di Muro Leccese,Municipio,,0836 443211,"Via Indipendenza, 85",Muro Leccese,,,,,,,,,,,
"STUDIO PATERA Consulenza Fiscale, Societaria, Tributaria e Consulenza del Lavoro",Consulente dell'impiego,,0836 343543,"Via Malta, 180",Muro Leccese,,,,,,,,,,,
Immobiliare Ampolo,Servizio di amministrazione immobiliare,,0832 520485,"Via G.Argento, 45",Lecce,,,,,,,,,,,
Megha Antonio,Avvocato,,0836 619587,"Via Roma, 35",Neviano,,,,,,,,,,,
Comune di Neviano,Municipio,,0836 610711,"Via Dante Alighieri, 4",Neviano,,,,,,,,,,,
DE PASCALI Consulenza d’Impresa,Commercialista abilitato all'esercizio della professione,http://www.stefanodepascali.it/,0836 505544,"Via Ugo Foscolo, 167",Neviano,,consulenza@stefanodepascali.it,https,WordPress,Sì,Aruba S.p.A.,57,76,92.00,Sì,No
Affiliato Tecnocasa Studio Nardo' S.A.S.,Agenzia immobiliare,,0833 182 7122,"Corso Giuseppe Galliano, 72",Nardò,,,,,,,,,,,
Studio Bonacchi Iacopo,Consulente dell'impiego,,0832 714343,"Via Umberto Iᵒ, 22",Novoli,,,,,,,,,,,
Antonaci Stemar Soc. Coop,Associazione / Organizzazione,https://www.antonacistemar.it/,340 542 0605,"Via Giuseppe Garibaldi, 3",Neviano,,antonacistemar@gmail.com,https,WordPress,Sì,Aruba S.p.A.,57,79,92.00,Sì,No
Imperiale Immobiliare di Chiara Imperiale,Agenzia immobiliare,https://imperialeimmobiliare.it/,392 481 7711,"Via S. Giuseppe, 5",Neviano,,imperialeimmobiliare@gmail.com,https,Joomla,Sì,METANET AG,44,33,85.00,Sì,No
GRAVILI SERVIZI AUTOMOBILISTICI SRLS,Agenzia pratiche auto e barche,,0832 713860,"Via Papa Giovanni XXIII, 15",Novoli,,,,,,,,,,,
STUDIO LEGALE Avv. Andrea Ettore SANTO,Avvocato,http://avvocato.it/,0833 836655,"Via Molise, 14",Nardò,,avvocato.it@gmail.com,https,Shopify,Sì,Seeweb s.r.l,57,76,92.00,Sì,No
GFS Immobiliare - Nardò,Agenzia immobiliare,https://www.gfsimmobiliare.it/,329 338 4793,"V. Roma, 159/A",Nardò,,,https,WordPress,Sì,Aruba S.p.A.,56,45,92.00,Sì,No
Studio Consulenza Automobilistica di Romano Cosimo Maurizio,Ufficio aziendale,,320 315 5771,"Via Angelo Di Martina, 25",Neviano,,,,,,,,,,,
Cartolibreria Ruggeri Pasquale,Cartoleria,,0836 939000,"Via D. Alighieri, 22",Nociglia,,,,,,,,,,,
Studio Colomba - Area Consulenza Sas,Commercialista,https://www.studiocolomba.com/,0833 571905,"Via Messina, 17",Nardò,,segreteria@studiocolomba.com,https,ASP.NET,No,Aruba S.p.A. Network,27,64,77.00,Sì,No
Amministrazione Comunale Oria,Ufficio dell'amministrazione comunale,,0831 816167,"Via Anton Gualberto de Marzo, 68",Oria,,,,,,,,,,,
Comune di Ortelle,Municipio,,0836 958014,"Via Dante, 12",Ortelle,,,,,,,,,,,
Allianz Sede Di Ortelle Vignacastrisi - Resp. Antonazzo Marisa - Donadeo Luigi,Agenzia di assicurazioni,,0836 922385,"Via Giosuè Carducci, 10",Vignacastrisi,,,,,,,,,,,
Notaio Ermanno Leccese,Notaio,,099 884 1595,"Viale Stazione, 68",Palagiano,,,,,,,,,,,
Studio Tagariello Servizi Immobiliari,Agente immobiliare,http://www.studiotagariello.it/,347 655 2613,"Via Vito Sansonetti, 49",Palagiano,,,https,ASP.NET,Sì,Aruba S.p.A.,39,68,92.00,Sì,No
PASQUALE RAGONE,Notaio pubblico,,0836 354067,"Via Duca D'Aosta, 4",Palmariggi,,,,,,,,,,,
Micropolis di Basile Umberto,Servizio di amministrazione immobiliare,http://www.micropolisweb.it/,328 935 3217,"Vico I° Sansonetti, 1",Palagianello,,micropolis.basile@gmail.com,https,Basekit,No,Aruba S.p.A.,27,50,92.00,Sì,No
Negozio Partner Comune Di Palmariggi,Municipio,,800 900 860,Piazza Giuseppe Garibaldi,Palmariggi,,,,,,,,,,,
Risoluzioni Immobiliari,Agenzia immobiliare,http://www.risoluzioni.com/,393 963 6837,"Via Niccolo Piccinni, 71",Palagiano,,,https,Joomla,Sì,Server Plan S.r.l.,49,74,85.00,Sì,No
Polizia municipale,Municipio,,0833 593109,"Via Dr. Luigi Ferrari, 1",Parabita,,,,,,,,,,,
Studio Radiologico Associato Danese-Efthimiou,Centro di diagnostica per immagini,http://www.radiologiapalagiano.it/,099 400 3768,"Via Alfieri, 6",Palagiano,,,,ASP.NET,Non trovato,Aruba S.p.A. Network,100,100,80.00,,No
Manieri Maurizio Michele,Commercialista abilitato all'esercizio della professione,,0833 593621,"Via Tancredi, 37",Parabita,,,,,,,,,,,
Comune di Parabita,Municipio,,0833 392311,"Via Dr. Luigi Ferrari, 1",Parabita,,,,,,,,,,,
Studio Felline,Geometra,https://sites.google.com/view/studiofelline,0833 593134,"Via S. Pasquale, 39",Parabita,,,https,React,No,Google LLC,46,76,75.00,Sì,No
Studio Commerciale Dr. Luigi Majure & Partners,Commercialista,http://www.studiomajure.com/,349 850 9008,"Via Giuseppe Pisanelli, 53",Parabita,,studiomajure@gmail.com,http,React,No,Passepartout s.a.,79,99,91.00,Sì,No
Comune di Patù,Municipio,,0833 752061,"Via Giuseppe Romano, 65",Patù,,,,,,,,,,,
FORTUNA REAL ESTATE,Agenzia immobiliare,,338 286 5058,"Via Marzano, 23",Porto Cesareo,,,,,,,,,,,
Agenzia Immobiliare Centrocasa,Agenzia immobiliare,http://www.centrocasadimo.com/,0833 595768,"Via Impero, 130",Parabita,,info@centrocasadimo.com,http,Joomla,No,Aruba S.p.A.,46,63,92.00,Sì,No
Professionecasa - Studio 1 Sas Di Pedio Claudia E C.,Agenzia immobiliare,http://www.professionecasa.it/,0836 806164,"Via S. Francesco di Paola, 68B",Otranto,,,https,Shopify,Sì,Fastweb SpA,56,67,82.00,Sì,No
AAA Immobiliare Edil Zecca SAS,Servizio di amministrazione immobiliare,http://www.immobiliarezeccasas.it/,0833 563281,"Via Ugo Foscolo, 46",Porto Cesareo,,,http,ASP.NET,No,Aruba S.p.A. Network,90,100,91.00,Sì,No
Emozioni Immobiliari,Agente immobiliare,,328 263 9065,"Via Amba Alagi, 80",Porto Cesareo,,,,,,,,,,,
Rizzo Paolo,Avvocato,,0833 722940,"Via Alessandro Manzoni, 32",Presicce-Acquarica,,,,,,,,,,,
CEDA SOCIETÀ COOPERATIVA,Consulente,,0833 726999,"Via Roma, 135",Presicce-Acquarica,,,,,,,,,,,
Alfredo Palese,Ufficio aziendale,,347 725 2261,"Via Roma, 296",Presicce-Acquarica,,,,,,,,,,,
Comune di Presicce-Acquarica,Municipio,,0833 199 0532,"Via Roma, 161",Presicce,,,,,,,,,,,
Gennaro immobiliare,Agenzia immobiliare,,388 900 6775,"Corso Giacomo Matteotti, 21",Presicce-Acquarica,,,,,,,,,,,
Studio Associato Castello Stefanelli,Consulente finanziario,,0833 722910,"44, Via dell' Unita', Presicce, Le 73054",Presicce-Acquarica,,,,,,,,,,,
Studio Medico San Giuseppe Polispecialistico,Studio medico,https://www.studiomedicosangiuseppe.it/,0833 752567,"Via Papa Giovanni XXIII, 48",Patù,,info@studiomedicosangiuseppe.it,https,Shopify,No,Aruba S.p.A.,46,44,82.00,Sì,No
Sportello Imprese Presicce-Acquarica,Ufficio informazioni per i cittadini,,0833 726405,"Via Roma, 161",Presicce,,,,,,,,,,,
Professionecasa,Agenzia immobiliare,https://www.professionecasa.it/,0836 901662,"Via Armando Diaz, 1",Poggiardo,,,https,Angular,Sì,Fastweb SpA,56,69,82.00,Sì,No
Notaio Francesca Maria Ruberto,Notaio pubblico,https://www.notai.it/notai-poggiardo/francesca-maria-ruberto/,0836 904358,"Via S. Nicola, 31",Poggiardo,,fruberto@notariato.it,https,ASP.NET,No,BT Italia S.p.A.,67,85,100.00,Sì,No
Comune di Ruffano,Municipio,,0833 695511,"Corso Margherita di Savoia, 1",Ruffano,,,,,,,,,,,
De Vitis Dr. Antonio,Commercialista abilitato all'esercizio della professione,,0833 693637,"Via Monsignor D'Urso, 17",Ruffano,,,,,,,,,,,
Sparascio Claudio,Ufficio patenti,,0833 692764,"Via Pisanelli, 5",Ruffano,,,,,,,,,,,
Studio De Vitis,Consulente del lavoro,http://www.studiodevitis.it/,349 250 5918,"Piazzetta Mons. Fiorito, 2",Ruffano,,,http,Joomla,No,Aruba S.p.A.,56,70,85.00,Sì,No
Armengol Luigi,Tabaccheria,,0832 731836,"Via Regina Margherita, 7",Salice Salentino,,,,,,,,,,,
Laboratorio Studio Ortokinesis Srl,Laboratorio chimico,,0832 731187,"Via Celentano, 8",Salice Salentino,,,,,,,,,,,
Studio Cen.Ter. - Centro Studi e Documentazione per il Territorio.,Ingegnere,,333 585 0245,"Via Giuseppe Garibaldi, 4",Salice Salentino,,,,,,,,,,,
AGENZIA DE PASCALIS,Ufficio patenti,,0832 733738,"Via Fontana, 32",Salice Salentino,,,,,,,,,,,
Geom.Maria Cagnazzo,Geometra,,328 765 0937,"Angolo Piazza Plebiscito,, Via Madonna della Visitazione, 1",Salice Salentino,,,,,,,,,,,
Comune di Salice Salentino,Municipio,,0832 723311,"Via Vittorio Emanuele II°, 2",Salice Salentino,,,,,,,,,,,
Patronato Acli,Sindacato,,0832 734040,"Via Fontana, 29",Salice Salentino,,,,,,,,,,,
SPAZIO LEGALE,Servizi legali,http://spaziolegale.com/,329 662 3532,"Via Cavour, 29",Salice Salentino,,info@spaziolegale.com,https,Shopify,No,Aruba S.p.A. Network,59,84,92.00,Sì,No
Salic’è,Casa editrice di giornali,,329 279 2189,"Via Maresciallo Barba, 32",Salice Salentino,,,,,,,,,,,
Comune di Racale,Municipio,,0833 902311,"Via Fiumi Marina, 6",Racale,,,,,,,,,,,
Cooperativa Sociale,Azienda vinicola,http://cantinasalicesalentino.it/,0832 731138,"Via Pietro Nenni, 12",Salice Salentino,,info@cantinasalicesalentino.it,https,WordPress,Sì,Google LLC,56,59,92.00,Sì,No
Centro Specialistico DAM di Nobile Rossella s.a.s.,Centro medico,https://www.centrodam.it/,350 062 7683,"Via I Maggio, 5",Salice Salentino,,centrospecialisticodam@gmail.com,https,WordPress,No,Aruba S.p.A.,27,35,92.00,Sì,No
Lazzari Geom. Luigi,Geometra,,0836 992284,"Via Trento, 4",San Cassiano,,,,,,,,,,,
Amministrazioni Condominiali De Bellis,Servizio di amministrazione immobiliare,,339 420 8962,"Via Dante Alighieri, 66 B",Taranto,,,,,,,,,,,
Studio Commerciale Dott.ssa Palasciano Giuseppina,Commercialista,,099 592 3640,"Via Berlinguer, 12",Roccaforzata,,,,,,,,,,,
Quaratino Antonio,Servizio di amministrazione immobiliare,,099 591 9054,"Via Vittorio Emanuele, 12",Roccaforzata,,,,,,,,,,,
Spazio Enel Partner - Presicce - Gruppo Vincenti,Fornitore di attrezzature per l'energia solare,http://www.gruppovincenti.it/,0833 722118,"Via Roma, 3",Presicce-Acquarica,,,https,React,No,Aruba S.p.A.,97,66,85.00,Sì,No
Immobiliare Lia,Agenzia immobiliare,http://www.immobiliarelia.it/,379 243 2049,"Via R. Sigliuzzo, 44",Presicce,,,https,WordPress,Sì,Netsons Network,12,51,77.00,Sì,No
Polizia Municipale - Roccaforzata,Vigile urbano,https://www.poliziamunicipale.it/comune/164/roccaforzata,099 591 6940,"Via Papa Giovanni XXIII, 8",Roccaforzata,,,https,Angular,No,Microsoft Corporation,54,76,83.00,Sì,No
Grassi/ANNICCHIARICO - Tabaccheria - Ricevitoria,Tabaccheria,,099 591 8875,"Piazza Vittorio Emanuele III, 8",Roccaforzata,,,,,,,,,,,
D'Alfonso Giuseppe,Commercialista,,0832 205303,"Via Sant'Elia, 70",San Cesario di Lecce,,,,,,,,,,,
Studio Geom. Antonio Vergara,Geometra,,0832 331293,"Via di Pettorano, 2",Lecce,,,,,,,,,,,
Centro Medico SCM,Centro medico,,333 923 2743,"Via Cellino, 31",San Donaci,,,,,,,,,,,
Delegazione ACI San Donaci Gm Consulting di Sisto Gianni,Agenzia di assicurazioni,,334 177 9291,Largo Costantini,San Donaci,,,,,,,,,,,
STUDIO VINCENZO RIZZO,Servizi di consulenza fiscale,,0831 634882,"Via Trieste, 128",San Donaci,,,,,,,,,,,
Agenzia Pezzuto,Agenzia di assicurazioni,,333 205 1777,"Via Vecchia Campi, 47",San Donaci,,,,,,,,,,,
Assicurazioni Societa' Cattolica Di Assicurazione,Agenzia di assicurazioni,https://agenzia.cattolica.it/sandonaci,0831 635055,"Via Cesare Braico, 4",San Donaci,,,https,React,Sì,Google LLC,51,75,92.00,Sì,No
Immobiliare GIANNOTTA,Agenzia immobiliare,http://www.immobiliaregiannotta.com/,333 925 1199,"Via Vincenzo Bellini, 52",San Donaci,,info@immobiliaregiannotta.com,http,ASP.NET,Sì,COLT Technology Services Group Limited,69,78,92.00,Sì,No
So.G.E.T. S.P.A. Societa' Gestione Entrate E Tributi,Ufficio dell'Agenzia delle entrate,,099 957 1391,"Corso Umberto I, 47",San Marzano di San Giuseppe,,,,,,,,,,,
Comune Di S. Marzano Di S. Giuseppe,Ufficio dell'amministrazione comunale,,099 957 4265,Piazza ANGELO CASALINI,San Marzano di San Giuseppe,,,,,,,,,,,
Amministrazioni & Consulenza Condominiale - Rag. Catello Somma,Servizio di amministrazione immobiliare,,392 389 9073,Via Guglielmo Marconi,San Marzano Sul Sarno,,,,,,,,,,,
Marco E Maurizio Monti Notai,Notaio pubblico,,099 957 4995,"Via Vittorio Emanuele III, 196A",San Marzano di San Giuseppe,,,,,,,,,,,
Dott. Commercialista Miccoli Cosimo Damiano,Commercialista,http://www.studiomiccoli.eu/lo-staff/dott-cosimo-damiano-miccoli,099 957 1305,"Corso Umberto I, 57/59",San Marzano di San Giuseppe,,,http,React,No,Passepartout s.a.,92,96,91.00,Sì,No
Polizia Municipale - San Marzano di San Giuseppe,Vigile urbano,https://www.poliziamunicipale.it/,099 957 7021,"Via Camillo Benso Conte di Cavour, 1",San Marzano di San Giuseppe,,,https,Angular,No,Microsoft Corporation,69,75,82.00,Sì,No
Comune di San Pancrazio Salentino,Municipio,,0831 6601,"Piazza Umberto I°, 5",San Pancrazio Salentino,,,,,,,,,,,
Ap Ce.s.m.i.t. Srl,Laboratorio,http://www.apcesmit.it/,0831 666173,"Corso Umberto I°, 212",San Pancrazio Salentino,,,https,Joomla,No,Host SpA,72,93,92.00,Sì,No
Studio Associato G.R.M.C,Consulente finanziario,,099 957 4082,"Piazza Angelo Casalini, 3",San Marzano di San Giuseppe,,,,,,,,,,,
Gruppo Appartamento Paragoghè,Negozio,http://www.gruppoartemide.it/,0831 729246,"Via S. G. Bosco, 12",San Pancrazio Salentino,,,https,React,No,Aruba S.p.A.,57,73,92.00,Sì,No
Studio odontoiatrico Lacorte,Dentista,http://www.odontoiatralacorte.it/,389 438 3587,"Via Roma, 70",San Marzano di San Giuseppe,,,https,Joomla,No,Aruba S.p.A.,67,73,92.00,Sì,No
Fornaro Immobiliare di Angelo Fornaro,Agenzia immobiliare,https://www.fornaroimmobiliare.it/,338 290 1192,"Via Regina Elena, 191",San Donaci,,fornaroimmobiliare3@gmail.com,https,WordPress,No,Seeweb srl,33,26,92.00,Sì,No
Muscogiuri Antonia,Tabaccheria,,0831 668036,"Via Cialdini, 25",San Pancrazio Salentino,,,,,,,,,,,
Salento Immobil,Agenzia immobiliare,http://www.salentoimmobil.eu/,393 763 1194,"Via G. Rossa, 8",San Pancrazio Salentino,,info@salentoimmobil.eu,https,WordPress,No,Aruba S.p.A.,42,55,92.00,Sì,No
Studio tecnico Geom. Domenico Solazzo,Geometra,,348 569 7563,"Largo Generale Ellena, 1",San Pietro Vernotico,,,,,,,,,,,
Immobilare S.Pietro di Spedicati Achille,Agenzia immobiliare,http://www.sanpietroagenziaimmobiliare.it/,320 846 2285,"Via Brindisi, 98",San Pietro Vernotico,,,https,Joomla,No,Aruba S.p.A. Network,36,73,100.00,Sì,No
Notaio Ambrosi Giuseppe,Notaio pubblico,,0831 981051,"V. Vito Carbotti, 27",San Vito dei Normanni,,,,,,,,,,,
Comune di San Pietro Vernotico,Municipio,http://www.spv.br.it/,0831 654741,Piazza Giovanni Falcone,San Pietro Vernotico,,protocollo@pec.spv.br.it,https,Angular,No,COLT Internet IT,56,67,92.00,Sì,No
Progetto Immobiliare di Antonio Maggi,Agenzia immobiliare,https://www.progetto-immobiliare.it/,0831 981545,"Via Annunziata, 135",San Vito dei Normanni,,info@progetto-immobiliare.it,https,ASP.NET,Sì,Aruba S.p.A. Network,27,50,82.00,Sì,No
Tecno Property,Ufficio aziendale,http://tecnoproperty.it/,0831 981818,"Via Gaetano Salvemini, 30",San Vito dei Normanni,,info@tecnoproperty.it,https,ASP.NET,No,Aruba S.p.A. Network,60,56,91.00,Sì,No
Studio Tecnico Massaro Geom. Giampiero Progettazione - Accatastamenti,Geometra,,0831 095648,"Via Dottor Vincenzo Azzariti, 71",San Vito dei Normanni,,,,,,,,,,,
Studio Tecnico Aloisi,Geometra,,328 581 9198,"Via Roma, 13",Sannicola,,,,,,,,,,,
Progetto Casa Immobiliare,Agente immobiliare,http://www.pcimmobiliare.it/,0831 676508,"Via Duca degli Abruzzi, 7",San Pietro Vernotico,,,,Joomla,Non trovato,Aruba S.p.A.,100,100,91.00,,No
Mjacconciature,Salone da parrucchiere,,351 918 6853,"Via Giuseppe Grassi, n.26",Sannicola,,,,,,,,,,,
Comune Di Sannicola,Municipio,,0833 231430,"P.za della Repubblica, 1",Sannicola,,,,,,,,,,,
Gestioni Immobiliari Amministrazione Condominiale,Servizio di amministrazione immobiliare,,327 446 8828,"Via Bartolomeo Ravenna, 2",Lecce,,,,,,,,,,,
Comune di Seclì,Municipio,,0836 554213,"Via Giacomo Puccini, 20",Seclì,,,,,,,,,,,
Studio Sava - Amministrazioni Condominiali,Servizio di amministrazione immobiliare,http://www.studiosava.it/,095 449505,"Via Vicenza, 51",Catania,,info@studiosava.it,https,Joomla,Sì,OVH SAS,59,83,85.00,Sì,No
Scorrano Clarissa,Servizio di amministrazione immobiliare,,389 847 1676,"o Galleria Coppola, Via Foggia, 14 c",Gallipoli,,,,,,,,,,,
Agenzia Automobilistica Sabella,Ufficio patenti,,0836 545069,"Via Tamborino, 2",Sogliano Cavour,,,,,,,,,,,
Dott. Gianni Napoleone Di Seclì - Amministrazioni Condominiali,Servizio di amministrazione immobiliare,https://www.disecliamministrazioni.com/,328 027 9242,"Via Andrea Angiulli, 55",Bari,,info@disecli.it,https,WordPress,No,Hetzner Online GmbH,62,81,92.00,Sì,No
Comune di Specchia,Municipio,,0833 536 2931,"Via S. Giovanni Bosco, 6",Specchia,,,,,,,,,,,
Comune di Spongano,Municipio,,0836 945078,"Via Pio XII, 57",Spongano,,,,,,,,,,,
Agenzia Immobiliare Gestione Immobili,Agenzia immobiliare,http://agenzieimmobiliari.trovacasa.net/LE/Scorrano/annunci-TC-50498-Gestione_immobili.html,392 980 7751,"Via II Giugno, 15",Scorrano,,,https,ASP.NET,Sì,Critical Case s.r.l,38,87,92.00,Sì,No
Studio Di Cardiologia Mengoli Mengoli Pietro,Cardiologo,,0836 945079,"Via Giuseppe Garibaldi, 54",Spongano,,,,,,,,,,,
Nicolardi Dr. Maria Margherita,Medico di famiglia,,0836 945184,"Via Giuseppe Verdi, 24",Spongano,,,,,,,,,,,
Comune di Sternatia,Municipio,,0836 666001,"Via Brigida Ancora, 42",Sternatia,,,,,,,,,,,
De Vitis Dr. Giuseppe,Dentista,,0836 945856,"Via Congregazione, 37",Spongano,,,,,,,,,,,
Essenza Studio,Studio di registrazione,http://www.essenzamanagement.com/,348 002 9069,"Via IV Novembre, 1",Spongano,,essenzio@libero.it,https,React,No,Aruba S.p.A. Network,98,100,91.00,Sì,No
Studio nutrizionale e delle intolleranze alimentari,Nutrizionista,,350 005 1688,"Via Platea, 14",Sternatia,,,,,,,,,,,
M. & D. Service srl. Servizi Medicali E Dentali,Dentista,http://studidentisticimoscati.com/dentista-lecce.php,348 629 8227,"Via Passilli, 67",Spongano,,mdsmoscati@gmail.com,https,React,No,Netsons Network,74,89,92.00,Sì,No
Studio Commerciale Dr. Candito,Commercialista abilitato all'esercizio della professione,https://www.studiocandito.it/,0836 234387,"Via Donato Maria Granafei, 1",Sternatia,,,https,WordPress,No,Aruba S.p.A. Network,66,95,92.00,Sì,No
Comune di Sogliano Cavour,Municipio,https://www.comunedisoglianocavour.le.it/,0836 543084,"Piazza Armando Diaz, 13",Sogliano Cavour,,protocollo.comune.soglianocavour@pec.it,https,Joomla,Sì,Aruba S.p.A.,48,75,83.00,Sì,No
T-STUDIO Geom. Giuseppe Corvaglia,Geometra,http://www.t-studio.org/,328 411 5091,"Vicinale Peschio, 4",Spongano,,g.corvaglia@t-studio.org,http,WordPress,No,Aruba S.p.A. Network,56,87,92.00,Sì,No
Comune di Supersano,Municipio,https://www.comunedisupersano.le.it/,0833 632514,"Piazza IV Novembre, 5",Supersano,,segreteria.comune.supersano@pec.rupar.puglia.it,https,React,No,Aruba S.p.A.,49,96,91.00,Sì,No
Giordano Domenica,Servizio di amministrazione immobiliare,,0832 365895,"Largo Papa Pio IX, 5",Surbo,,,,,,,,,,,
Antonio De Vitis - Ingegnere Gestionale,Consulente aziendale,https://consulenzadevitis.wordpress.com/,347 405 6182,"Via Vittorio Emanuele, 289",Supersano,,,https,WordPress,No,"Automattic, Inc",97,96,92.00,Sì,No
Bianco Maria,Servizio di amministrazione immobiliare,,099 464 2446,"Via Colonnello, Via Diego Peluso, 32",Taranto,,,,,,,,,,,
Trucco Alessandro,Servizio di amministrazione immobiliare,,099 736 3348,"Via Lombardia, 8",Taranto,,,,,,,,,,,
Servizi Immobiliari Business SiB Taurisano,Agenzia immobiliare,,348 545 8552,"Via Fiume, 7",Taurisano,,,,,,,,,,,
Affiliato Tecnocasa Studio Taviano S.A.S.,Agenzia immobiliare,,0833 914107,"Corso Vittorio Emanuele II, 21",Taviano,,,,,,,,,,,
Comune di Tiggiano - Lunedì dalle 15.30 all 19.00 aperto solo Servizi Demografici,Municipio,,0833 531033,"Piazza Castello, 33",Tiggiano,,,,,,,,,,,
"Ludoteca Zamaliot Via Antonio De Curtis, Tiggiano",Centro ricreativo,,328 038 1291,Via Antonio De Curtis,Tiggiano,,,,,,,,,,,
Febbraro Dr. Claudio Silvio,Dentista,,0833 623840,"Via Lecce, 26",Taurisano,,,,,,,,,,,
Di Seclì Agenzia Funebre,Agenzia funebre,http://www.disecliagenziafunebre.it/,0833 822767,"Via Filippo Lopez Y Royo, 30 E",Taurisano,,,https,React,No,"Cloudflare, Inc.",64,87,100.00,Sì,No
IOREC di Michele Rizzo,Servizio di produzione di video,,347 717 6540,"Via Crisimò, 4",Tiggiano,,,,,,,,,,,
Comune di Torchiarolo,Municipio,,0831 622085,"Via Cristoforo Colombo, 10",Torchiarolo,,,,,,,,,,,
Studio Teorema -amministrazione condominiale- studio di amministratori di condominio,Servizio di amministrazione immobiliare,,080 532 8510,"Via Cesare Battisti, 41",Modugno,,,,,,,,,,,
Circolo Fenapi Professional,Sindacato,,320 060 4181,"Via Isonzo, 7",Torchiarolo,,,,,,,,,,,
D&S SOLUZIONI IMMOBILIARI,Agenzia immobiliare,http://www.immobiliaredes.it/,0831 620800,"Via Dante Alighieri, 14",Torchiarolo,,,https,ASP.NET,Sì,Aruba S.p.A.,47,64,85.00,Sì,No
Centro Medico Diagnostico S.R.L.,Centro di diagnostica per immagini,,0831 692173,"Via Bellotti, 35",Torchiarolo,,,,,,,,,,,
Dimore Pugliesi Immobiliare,Agenzia immobiliare,,392 702 4025,"Via Giuseppe Garibaldi, 17",Torre Santa Susanna,,,,,,,,,,,
AGENZIA PAMPRI DI IURLARO DOMENICO E RUBINO PIERA SNC,Ufficio patenti,,0831 745292,"Via Giuseppe Garibaldi, 70",Torre Santa Susanna,,,,,,,,,,,
Studio Petarra Dr. Pompeo,Commercialista,,0831 746374,"Via Leanza, 26",Torre Santa Susanna,,,,,,,,,,,
Comune di Torre Santa Susanna,Municipio,,0831 741111,"Via Risorgimento, 36",Torre Santa Susanna,,,,,,,,,,,
Studio Tecnico Geom. Fabio Coppola,Geometra,,388 304 3253,"Via Leonardo Giorgio, 39A",Torre Santa Susanna,,,,,,,,,,,
Geometra Longo Alberto,Geometra,https://studiolongo207057467.wordpress.com/,392 977 5185,"Via Silvio Pellico, 7",Torre Santa Susanna,,,https,WordPress,No,"Automattic, Inc",80,97,92.00,Sì,No
AGENZIA IMMOBILIARE MD IMMOBILIARE DI MAGNO ANNA LISA,Agenzia immobiliare,http://www.mdimmobiliaresalento.it/,335 742 4233,"Piazza Castello, 29",Tiggiano,,michael@yourdomain.com,https,React,No,OVH SAS,55,43,54.00,Sì,No
Sede Torre Santa Susanna,Studio medico,http://www.cooldent.it/,329 495 7669,"Torre usannaSanta S, Via Tagliamento, 13 B",Torre Santa Susanna,,,https,ASP.NET,No,PERSKIMEDIA Szymon Perski,45,93,100.00,Sì,No
Studio Antonucci Consulting,Consulente del lavoro,https://www.studioantonucciconsulting.it/,0831 746503,"Via Vincenzo Bellini, 42",Torre Santa Susanna,,info@studioantonucciconsulting.it,https,WordPress,Sì,Seeweb srl,56,79,100.00,Sì,No
"APT ITALIA SNC di Pezzuto N., Pezzuto G. e Trevisi C.",Agenzia di assicurazioni,http://www.agenziapezzuto.it/,0832 757821,"Via John Fitzgerald Kennedy, 111/115",Trepuzzi,,,http,ASP.NET,Sì,Aruba S.p.A. Network,71,99,100.00,Sì,No
D'Elia Cosimo,Agenzia immobiliare,https://www.deliacaseeville.it/,349 295 9960,"SP70, 31",Torre Santa Susanna,,info@deliacaseeville.it,https,WordPress,No,Aruba S.p.A. Network,54,83,92.00,Sì,No
GEOMETRA ANTONIO VALENTE,Geometra,,328 407 7796,"Via Dante Alighieri, 56",Tricase,,,,,,,,,,,
Studio Medico,Medico di famiglia,,0832 756631,"Via Giuseppe Guerrieri, 39",Trepuzzi,,,,,,,,,,,
Studio Tecnico Geom. Vincenzo Stamerra,Geometra,,320 900 9755,"Via Trieste, 120",Tuglie,,,,,,,,,,,
Comitato elettorale Insieme per Tuglie con Massimo Stamerra Sindaco,Ufficio aziendale,,328 860 4317,"Via Trieste, 8",Tuglie,,,,,,,,,,,
Barone Ufficio Patronato ENAPA,Ufficio aziendale,,0833 596792,"Via Galileo Galilei, 11/A",Tuglie,,,,,,,,,,,
"MEDIAOFFICE - Computer, Registratori di Cassa, Visite Fiscali, Assistenza",Negozio di computer,https://www.stefanosabato.it/,393 666 2244,"Via Calatafimi, 1",Tuglie,,,https,Angular,No,Aruba S.p.A.,92,100,100.00,Sì,No
Prime Immobiliare,Agente immobiliare,http://www.primeimmobiliare.it/,0833 597726,"Via Principe di Piemonte, 3/F",Tuglie,,,https,ASP.NET,Sì,Aruba S.p.A.,59,70,85.00,Sì,No
Architetto Francesco Gnoni Studio di architettura,Architetto,http://www.studiognoni.it/,348 032 3421,"Via Aldo Moro, 70",Tuglie,,studio@studiognoni.it,http,WordPress,Sì,Aruba S.p.A. Network,37,53,77.00,Sì,No
"Commercialista,revisore dei conti Dott. Filippo Caló",Commercialista,,0833 598161,"Via Plebiscito, 150",Tuglie,,,,,,,,,,,
Comando Polizia Locale,Ufficio aziendale,,0833 555770,"LE, Via Benedettine, 1",Ugento,,,,,,,,,,,
Grimaldi Immobiliare Tuglie,Agenzia immobiliare,https://www.grimaldifranchising.it/vendita/casa/tuglie,0833 598255,"Via Trieste, 32",Tuglie,,info@grimaldifranchising.it,https,ASP.NET,Sì,Fastweb SpA,57,80,100.00,Sì,No
Comune di Ugento,Ufficio statale,,0833 557001,Piazza Adolfo Colosso,Ugento,,,,,,,,,,,
D'alba Antonio Maurizio,Commercialista abilitato all'esercizio della professione,,0836 812580,"Via Caduti di Peteano, 20",Uggiano la Chiesa,,,,,,,,,,,
Daniele Florindo,Geometra,http://www.immobiliaredaniels.it/studio.asp,0833 555632,"Via Marchesi di Ugento, 56",Ugento,,,http,ASP.NET,No,Aruba S.p.A. Network,100,100,75.00,Sì,No
De Fabrizio Fabio,Geometra,,0836 811902,"Via Giacomo Leopardi, 62",Uggiano La Chiesa,,,,,,,,,,,
De Fabrizio Costruttori,Autorità edilizia,,338 436 8267,"Via Magna Grecia, 1",Uggiano La Chiesa,,,,,,,,,,,
STUDIO LEGALE DI CANDIA,Studio legale,,0832 967378,P.zza Umberto I°,Veglie,,,,,,,,,,,
Studio Commerciale Vetrugno - Patronato EPAS - CAF Italia Veglie,Servizio di assistenza fiscale,,329 853 5365,"Via Spani, 44",Veglie,,,,,,,,,,,
Municipio di Veglie,Municipio,,0832 969597,"Via Salice, 169-179",Veglie,,,,,,,,,,,
Property Salento Immobiliare,Agenzia immobiliare,http://www.propertysalento.it/,0833 555255,"Via Marina, 101",Ugento,,info@propertysalento.it,https,WordPress,No,Aruba S.p.A. Network,60,84,92.00,Sì,No
ALPHA SECURITY&SERVICES AGENCY S.r.l.,Servizio di sicurezza,,0832 968832,"Via Carmiano, 5",Veglie,,,,,,,,,,,
RR ELETTRICA & SERVICE SNC,Negozio di forniture elettriche,,327 426 0465,"Via Ulmi, 11",Uggiano la Chiesa,,,,,,,,,,,
Comune di Uggiano la Chiesa,Municipio,http://www.comuneuggianolachiesa.it/,0836 812008,"Piazza Umberto I, 10",Uggiano La Chiesa,,ufficioprotocollo.uggianolachiesa.le@pec.rupar.puglia.it,http,WordPress,No,Aruba S.p.A. Network,78,96,92.00,Sì,No
Comune di Villa Castelli,Municipio,,0831 866261,"Piazza Municipio, numero 1",Villa Castelli,,,,,,,,,,,
Agenzia Nacci di Nacci Giuseppe,Ufficio patenti,,0831 860106,"Piazza Municipio, numero 19",Villa Castelli,,,,,,,,,,,
Studio Amministrazione Condominiale - Cocciolo Fabio,Servizio di amministrazione immobiliare,,349 701 6788,"Corso Umberto I, 85",Brindisi,,,,,,,,,,,
"Geometra, architettura",Geometra,,333 111 5169,"Via Ceglie, 101",Villa Castelli,,,,,,,,,,,
Comune di Vernole,Municipio,http://www.comunedivernole.it/,0832 899111,"Piazza Vittorio Veneto, 54",Vernole,,,http,ASP.NET,No,WicitY srl,70,92,75.00,Sì,No
Amministrazione Condomini Di Mastrosimini Michele-Montanaro-Di Pace &,Servizio di amministrazione immobiliare,,080 496 3777,"Viale Aldo Moro, 60",Castellana Grotte,,,,,,,,,,,
Amministrazione condominiale - Donatello Rag. Santostasi,Servizio di amministrazione immobiliare,,080 321 9349,"VIA ANGELO, Via A. Mengano, 1/A",Monopoli,,,,,,,,,,,
STUDIO MICCOLI,Servizi di consulenza fiscale,,099 616116,"V.le Unità d' Italia, 9",Crispiano,,,,,,,,,,,
Geco Home Srls,Servizio di amministrazione immobiliare,,0832 522051,"Via Ottavio Scalfo, 23",Lecce,,,,,,,,,,,
Rsa don tonino bello 3,Assistenza agli anziani,http://rsamiggiano.com/,0833 761670,"Via A.Manzoni, n.107",Miggiano,,dontoninobello3.miggiano@gmail.com,https,Joomla,Sì,Netsons s.r.l.,51,53,92.00,Sì,No
Specchia Spedizioni di Specchia Giacomo,Servizio di spedizione merci,,0831 305965,"Piazza Milano, 13",Ostuni,,,,,,,,,,,
Immobiliare Progetto Casa,Agente immobiliare,http://www.progettocasasalento.it/,347 391 0630,"Via Roma, 21",Taurisano,,progettocasasalento@gmail.com,https,React,Sì,Netsons s.r.l.,55,72,100.00,Sì,No
Studio Associato Ge.s.c.i Gestione Servizi Condominiali Ed Immobiliari,Servizio di amministrazione immobiliare,,080 438 9663,"Via Enrico de Nicola, 32",Fasano,,,,,,,,,,,
Casa Campanella - Puglia Luxury Homes,Agenzia di affitto di case per vacanze,https://www.puglialuxuryhomes.com/en/villas/casa-campanella/,327 937 9067,via Spinoza,Gagliano del Capo,,,https,React,Non trovato,O2switch Sarl,41,48,92.00,Stato Non Determinato,No
COMUNE DI SURANO,Dipartimento dei lavori pubblici,,0836 939002,"Via Eroi della Resistenza, 20",Surano,,,,,,,,,,,
Dott. Francesco Rino Gerardi,Commercialista abilitato all'esercizio della professione,,0832 325390,"Via Manca, 24",Arnesano,,,,,,,,,,,
Novelli Antonio,Notaio pubblico,,0833 730410,"Via Roma, 112",Presicce-Acquarica,,,,,,,,,,,
Agenzia Cavallino Di Paris Alma,Agenzia di assicurazioni,http://agenziacavallino.myadj.it/,041 537 0765,"Piazza S. Maria Elisabetta, 18",Cavallino-Treporti,,,https,Shopify,No,"Cloudflare, Inc.",79,100,92.00,Sì,No
Il Condominio,Servizio di amministrazione immobiliare,,099 453 0366,"Via F. Crispi, 62",Taranto,,,,,,,,,,,
Gagliano Rosanna,Servizio di amministrazione immobiliare,,095 509508,"Via Grazia Deledda, 2",Catania,,,,,,,,,,,
Gestione D'Amico - Amministrazione Condomini,Servizio di amministrazione immobiliare,,328 414 8326,"Via R. Bucci, 60",Morciano di Romagna,,,,,,,,,,,
AMMINISTRAZIONI CONDOMINIALI BALLARINI,Servizio di amministrazione immobiliare,http://www.amministrazioniballarini.it/,0541 989318,"Via G. Colombari, 3",Morciano di Romagna,,lorenzoballarini@alice.it,http,ASP.NET,No,Aruba S.p.A. Network,87,80,91.00,Sì,No
Condomini Firenze Amministrazioni Condominiali,Servizio di amministrazione immobiliare,,055 580733,"Viale Alessandro Volta, 119",Firenze,,,,,,,,,,,
Amministrazioni Condominiali AB,Servizio di amministrazione immobiliare,https://amministrazioniab.com/,055 357700,"Viale Manfredo Fanti, 197",Firenze,,,https,WordPress,Sì,Google LLC,55,89,100.00,Sì,No
Foto Spagnolo Novoli Fotografo per Matrimoni,Studio fotografico,https://www.fotospagnolonovoli.com/,329 325 7665,"Via Umberto Iᵒ, 103",Novoli,,fotospagnolonovoli@libero.it,https,React,No,Aruba S.p.A.,63,62,92.00,Sì,No
Bruni Alberto,Servizio di amministrazione immobiliare,,055 713837,"Via Domenico Veneziano, 8",Firenze,,,,,,,,,,,
Studio Monticchio e Partners Stp,Commercialista,https://studiomonticchio.it/,0832 398661,"Viale Ugo Foscolo, 3",Lecce,,info@studiomonticchio.it,https,Shopify,No,Netsons s.r.l.,57,69,85.00,Sì,No
Studio Marchionni,Servizio di amministrazione immobiliare,http://marchionnidaniele.it/,055 587206,"Via Luca Landucci, 51",Firenze,,info@marchionnidaniele.it,https,React,No,OVH SAS,78,93,92.00,Sì,No
Senior Housing: Villaggio Novoli - ViViSmart,Complesso abitativo,http://www.vivismart.org/,055 1981 4197,"Via Francesco Baracca, 48",Firenze,,segreteria@coeso.org,https,Joomla,No,IONOS SE,53,40,100.00,Sì,No
Studio Lombardi Amministrazione Immobili Srl,Servizio di amministrazione immobiliare,https://www.amministrazionilombardi.it/,055 234 4411,"Via Frà Paolo Sarpi, 48a",Firenze,,studio.lombardi.condomini@gmail.com,https,WordPress,Sì,Aruba S.p.A.,56,55,92.00,Sì,No
Amministratore di Condominio - Geom. Andrea Leonetti,Servizio di amministrazione immobiliare,,347 150 5704,"Via Nazionale, 12/A",Bari,,,,,,,,,,,
Angelo Carriero Amministratore Condominiale,Servizio di amministrazione immobiliare,https://www.carrieroamministrazioni.it/,320 787 1797,"Via Gela, 8",Pisticci Scalo,,amministrazionecarriero@gmail.com,https,React,Sì,Aruba S.p.A.,,,,Sì,No
Centro Servizi Di Nardo Cosimo,Servizio di amministrazione immobiliare,,0881 661735,"Viale Giuseppe di Vittorio, 159",Foggia,,,,,,,,,,,
Affittacamere ITACA,Appartamento vacanze,,329 337 3888,"Largo Pozze, 13",Carpignano Salentino,,,,,,,,,,,
Ge.Co. Gestione Condominiale Di Lucente L. S.R.L.,Servizio di amministrazione immobiliare,,0983 532052,Via degli Albanesi,Corigliano Scalo,,,,,,,,,,,
R.S. Condomini della Dott.ssa Laura Sposato - Amministratore e Revisore Condominiale Cert. A.N.AMM.I. R756,Azienda per la gestione delle proprietà immobiliari,,320 830 8953,"Piazza Valdastri, 6",Corigliano,,,,,,,,,,,
"Studio Petracca - Dottori Commercialisti - Consulenza Fiscale, Societaria e del Lavoro",Commercialista,https://www.commercialistipetracca.it/,0836 993513,"Via Sant'Anna, 3",San Cassiano,,info@studiopetracca.net,https,WordPress,No,Aruba S.p.A.,,,,Sì,No
Studio Magnolo Stefano,Commercialista,http://studiomagnolostefano.it/,349 736 8699,"Via Enrico Mattei, 15",Sogliano Cavour,,studiomagnolo2015@gmail.com,http,WordPress,Sì,Aruba S.p.A. Network,,,,Sì,No
Murri Dello Diago Dr. Gianfranco,Medico di famiglia,,0836 600008,"Via Stazione, 39",Zollino,,,,,,,,,,,
CONSORZIO TUTELA SALICE SALENTINO,Vigneto,https://www.consorziosalicesalentino.it/,0832 732592,Via Pasquale Leone,Salice Salentino,,info@consorziosalicesalentino.it,https,ASP.NET,Sì,Server Plan S.r.l.,,,,Sì,No
Studio Urso - Servizi Integrati di Consulenza,Commercialista,http://studiourso.it/,0836 929209,"Via XXV Luglio, 67",Andrano,,,https,ASP.NET,No,Aruba S.p.A. Network,,,,Sì,No
Assiquattro S.N.C. Di Petrachi Antonio - Casale Giacomo & C.,Agenzia di assicurazioni,,0832 833095 ext. 834822,"Corso Cavour, 26",Melendugno,,,,,,,,,,,
Casa Vacanze Pietra d'Ostuni,Casa per vacanze,https://dimorefrontino.it/,389 449 2420,"Vicolo Tanucci, 10",Ostuni,,pietradostuni@gmail.com,https,Laravel,No,Server Plan S.r.l.,,,,Sì,No
Studio Ruggiero - Amministrazione e Revisione Condominiale,Servizio di amministrazione immobiliare,https://studioruggierobari.it/,080 459 6209,"Piazza Mercato, 18",Adelfia,,,https,Joomla,No,Server Plan S.r.l.,,,,Sì,No
"Vigilante, Di Roma & d’Ambrosio Commercialisti associati",Commercialista,https://www.vigilantediroma.it/,099 888 4343,"Viale Stazione, 102",Palagiano,,info@vigilantediroma.it,https,ASP.NET,Sì,Server Plan S.r.l.,,,,Sì,No
Studio Amministrazioni Condominiali Di Colonna Giuseppe & Angiuli Anto,Servizio di amministrazione immobiliare,,080 314 9912,"Via Rovigo, 75",Altamura,,,,,,,,,,,
Epifani & Petraroli Studio Associato,Servizio di amministrazione immobiliare,,338 274 4765,"Via Monsignor Luigi Mindelli, 25",Ostuni,,,,,,,,,,,
EMME93 STUDIO FOTOGRAFICO,Fotografo,,389 216 1059,"Via Roma, 149",Matino,,,,,,,,,,,
Studio fotografico CameraLab di Claudio Ancora,Fotografo,https://www.cameralab.it/,338 566 8809,"Via Roma, 71",Avetrana,,info@cameralab.it,https,WordPress,Sì,Hetzner Online GmbH,,,,Sì,No
STUDIO STAMERRA,Agenzia di noleggio auto,,0833 825171,"Via Arrigo Boito, 33",Melissano,,,,,,,,,,,
CC Consulenze,Consulente,,0833 204035,"Via Piave, 3",Melissano,,,,,,,,,,,
Studio Tecnico -Ing. Andrea Amato,Architetto,,327 152 6018,"Via Sardegna, 20",Scorrano,,,,,,,,,,,
Pirelli Francesco dottore in economia e commercio consulente del lavoro,Consulente del lavoro,,340 334 2676,"Via Vittorio Emanuele II, 34",Castrignano del Capo,,,,,,,,,,,
Studio Pennetta Group S.R.L.,Agenzia di assicurazioni,,0833 623400,"Via F. Lopez Y, Royo, 44",Taurisano,,,,,,,,,,,
LU FUNDICU di Perrone Sergio,Tabaccheria,,0832 322505,"Via Guglielmo Marconi, 6",Arnesano,,,,,,,,,,,
Salento service 1 di sabato palumbo Massimiliano,Ditta specializzata in pavimentazioni,,347 251 0217,"Via Badisco, 91",Uggiano la Chiesa,,,,,,,,,,,
Caf Unsic Patronato Enasc LEPORANO,Servizio di assistenza fiscale,,329 461 2233,"Via Estramurale, 530",Leporano,,,,,,,,,,,
Dott.ssa Matilde Percolla - Amministrazioni Condominiali,Servizio di amministrazione immobiliare,,348 760 9439,"Via Taranto, 100",Pulsano,,,,,,,,,,,
Home Service Di Anna Maria Portulano,Servizio di amministrazione immobiliare,,099 772 3509,"Via Scoglio del Tonno, 70",Taranto,,,,,,,,,,,
CONAD CITY,Alimentari,,099 957 4231,"Via Archita, 18",San Marzano di San Giuseppe,,,,,,,,,,,
Analisi Cliniche Cerba HealthCare - Collepasso,Laboratorio medico,https://www.cerbahealthcare.it/sedi/collepasso-via-giovanni-pascoli-1/,0833 169 7330,"Via Giovanni Pascoli, 1",Collepasso,,laboratorio.sangiorgio@cerbahealthcare.it,https,React,Sì,Amazon Technologies Inc,,,,Sì,No
Giannico Geom. Venturino,Agente immobiliare,http://www.studioimmobiliare-sangiorgio.com/,099 827 1021,"Viale Ionio, 73",Marina di Ginosa,,,http,WordPress,No,SEEWEB s.r.l.,,,,Sì,No
Affreschi & Affreschi | Carta da parati artigianale - soluzioni di Design | infoaffreschi.com,Negozio di carta da parati,https://www.infoaffreschi.com/,0836 891054,Zona Pip,Minervino di Lecce,,,https,WordPress,Sì,Server Plan S.r.l.,,,,Sì,No
Zerodistanze - Servizi postali integrati,Spedizioni e corrispondenza,,329 887 9100,"Via Indipendenza, 9",Muro Leccese,,,,,,,,,,,
Citto Daniela,Negozio di articoli da regalo,,0836 318031,"Via S. Giovanni, 13",Cannole,,,,,,,,,,,
UFFICIO 2000 SAS di Coppola Roberto & C,Negozio di forniture per la scuola,,0833 781085,"Via Scipione Sangiovanni, 28",Alessano,,,,,,,,,,,
Spazio Enel Partner Alessano,Azienda fornitrice di energia elettrica,https://cappagi.it/?utm_source=google&utm_medium=GMBSitelink&utm_campaign=GMBSitelink_Alessano_0ANB,0833 186 7805,Via Bari,Alessano,,seplecce@gmail.com,https,Shopify,No,OVH SAS,54,61,85.00,Sì,No
BM IMMOBILIARE,Agente immobiliare,http://www.bmimmobiliare-puglia.com/,0831 371081,"Via Don Pietro Lerna, 87",Ceglie Messapica,,info@bmimmobiliare-puglia.com,https,ASP.NET,No,Aruba S.p.A. Network,46,90,91.00,Sì,No
Studio Fisiomedica della Dott.ssa Valentina Colazzo,Fisioterapista,http://www.studiofisiomedica.it/,393 969 7610,"Via Carrozzini, 32",Collepasso,,info@studiofisiomedica.it,http,ASP.NET,No,Seeweb srl,100,100,0.00,Sì,No
Dr. Claudio Cisternino Studio Commercialista,Commercialista,,347 180 9819,"Via Bonaventura Moroni, 15",Lecce,,,,,,,,,,,
Agenzia Funebre Endemione,Agenzia funebre,http://www.agenziafunebrendemione.com/,340 963 0428,"Via Trento, 52",Melissano,,,https,React,No,Luigi Labate,56,0,85.00,Sì,No
Hi-Tech Innovation,Negozio di elettronica,http://hitechinnovation.catonline.it/,0833 761992,"Via Specchia, 14",Miggiano,,mail@andreavettori.com,https,Angular,No,Telecom Italia S.p.A.,67,91,42.00,Sì,No
Rays-Sud - Studio Radiologico,Centro di diagnostica per immagini,http://www.rays-sud.it/,0831 635882,"Via Cellino, 9",San Donaci,,info@rays-sud.it,https,Duda,Sì,COLT Internet IT,32,39,77.00,Sì,No
Studio di Fisioterapia Dr. Angelo Chimienti,Clinica di fisioterapia,,349 879 9876,"Via Tito Schipa, 1/G",Tuglie,,,,,,,,,,,
Amministratore Di Condominio Gattulli Rag. Daniela,Servizio di amministrazione immobiliare,,080 532 0561,"Corso Camillo Benso Conte di Cavour, 11",Modugno,,,,,,,,,,,
Spazio Enel Partner Castrignano del Capo,Azienda fornitrice di energia elettrica,https://hydeale.it/spazi-vendita/spazio-enel-partner-castrignano-del-capo/?utm_source=google&utm_medium=GMBSitelink&utm_campaign=GMBSitelink_Castrignano_del_Capo_0APP,0833 186 4837,"Via Cesare Battisti, 17",Castrignano del Capo,,,,WordPress,Non trovato,Server Plan S.r.l.,56,56,50.00,No - Pagina Non Trovata (404),No
Upgrade Immobili,Servizi di ristrutturazione,https://www.upgradeimmobili.com/,320 279 7724,"Via Giuseppe Grassi, 44",Corigliano d'Otranto,,,https,Wix,Sì,Google LLC,38,55,100.00,Sì,No
Comune di Tuglie,Municipio,,0833 596521,"Piazza Massimo d'Azeglio, 4",Tuglie,,,,,,,,,,,
Porto Cesareo Immobiliare S. Antonio sas,Agenzia immobiliare,,0833 560140,"Via Giuseppe Garibaldi, 178",Porto Cesareo,,,,,,,,,,,
Laboratorio Analisi Contaldi,Laboratorio chimico,,0833 727561,"Via Vittorio Veneto, 18",Presicce-Acquarica,,,,,,,,,,,
Francavilla Rag. Enzo,Consulente finanziario,,0831 986026,"Viale della Resistenza, 7",San Vito dei Normanni,,,,,,,,,,,
Studio Tecnico Geom. Igor Caggese - Amministrazione Condomini & Servizi Integrati,Servizio di amministrazione immobiliare,,055 428 9096,"Via di Novoli, 125",Firenze,,,,,,,,,,,
Studio Condominiale Amendolito,Avvocato,http://www.condominioamendolitotaranto.it/,099 779 6309,"Viale Magna Grecia, 468",Taranto,,sgc.amendolito@libero.it,http,WordPress,Sì,Aruba S.p.A. Network,66,92,100.00,Sì,No
Comune Di Alessano,Municipio,,0833 524110,"Via Tagliamento, 1",Alessano,,,,,,,,,,,
Studio Dentistico Spagna,Studio medico,http://www.studiodentisticospagna.it/,0836 666826,"Via Salvo D'Acquisto, 32",Sternatia,,info@studiodentisticospagna.it,https,Basekit,No,Aruba S.p.A.,,,,Sì,No
Studio Lagrasta,Servizi di consulenza fiscale,,099 531 5967,"Via Trieste, 14",Leporano,,,,,,,,,,,
Studio Legale Antonazzo,Studio legale,http://www.studiolegaleantonazzo.it/,340 661 5087,"Via Osanna, 77",Brindisi,,avvocato@studiolegaleantonazzo.it,https,WordPress,No,Aruba S.p.A.,,,,Sì,No
Studio Salvatore - Amministrazioni Condominiali e Studio Legale,Servizio di amministrazione immobiliare,,0835 383799,"Via Taranto, 2/F",Matera,,,,,,,,,,,
Nutricato Geremia,Tabaccheria,,0833 631114,"Via C. Battisti, 134",Supersano,,,,,,,,,,,
Condominiare S.r.L.,Servizio di amministrazione immobiliare,,080 914 5454,"Viale Mediterraneo, 18",Palo del Colle,,,,,,,,,,,
Architetto Calabrese Andrea,Architetto,http://www.architettocalabrese.com/,0833 530709,"Via Pesaro, 76",Castrignano del Capo,,andrea@architettocalabrese.com,https,Shopify,No,Fastweb SpA,,,,Sì,No
Pregio Immobiliare Cisternino,Agenzia immobiliare,https://pregioimmobiliareitalia.it/,080 219 8820,"Via San Quirico, 13",Cisternino,,info@pregioimmobiliareitalia.it,https,WordPress,No,Aruba S.p.A.,,,,Sì,No
Avv. Antonio Sanasi,Avvocato,,0831 746233,"Via Giuseppe Penna, 6",Torre Santa Susanna,,,,,,,,,,,
Messapica Immobiliare (Agenzia immobiliare Ceglie Messapica - Puglia),Agenzia immobiliare,https://www.messapicaimmobiliare.com/,388 198 5790,"Via Bari, 13",Ceglie Messapica,,,https,ASP.NET,No,Aruba S.p.A. Network,,,,Sì,No
Diviggiano Daniele,Negozio di forniture elettriche,,0831 746339,"Via Latiano, 21",Torre Santa Susanna,,,,,,,,,,,
Luigi Lucio De Tommasi,Tabaccheria,,0832 324585,"Piazza Falconieri, 45",Monteroni di Lecce,,,,,,,,,,,
Cardone Antonio,Servizio componenti elettrici per auto,,0832 326445,"4 Piazza Galvani, Monteroni Di Lecce, Le 73047",Monteroni di Lecce,,,,,,,,,,,
