Nome Attività,Categoria,Sito Web,Telefono,Indirizzo,Comune,Provincia,Email,Protocollo,Tecnologia,Cookie Banner,Hosting Provider,Mobile Performance,Desktop Performance,Punteggio SEO,Disponibilità Sito,Stato Manutenzione
CarBusTec,Servizio di noleggio scooter,https://www.carbustec.com,070 498399,"Via Molo Sant'Agostino, 25",Cagliari,,,https,Shopify,Sì,Netsons s.r.l.,66,87,92.00,Sì,No
Officina Moto e Servizio Soccorso Stradale Gianni Arzu,Agenzia di noleggio moto,,335 127 2190,"Via Dettori, 19",Tortolì,,,,,,,,,,,
Sardegna in vespa,Agenzia di noleggio moto,http://www.sardegnainvespa.com,392 139 5456,Partenze,Elmas,,,https,React,No,"Cloudflare, Inc.",63,94,75.00,Sì,No
Noleggio auto scooter - Aiguarentacar,Agenzia di noleggio auto,https://www.aiguarentacar.it,348 289 7204,"Strada Provinciale 44, 113",Alghero,,,https,ASP.NET,No,"Cloudflare, Inc.",90,100,100.00,Sì,No
White Mobility Noleggio e Vendita Scooter Bici Moto,Agenzia di noleggio moto,http://www.whitemobility.com,340 773 8406,"Via Fratelli Kennedy, 56",Alghero,,info@whitemobility.com,https,Joomla,No,IT.Gate S.p.A.,62,69,85.00,Sì,No
AutoAffari Carloforte - Noleggio auto e scooter,Agenzia di noleggio auto,http://www.autoaffarirent.it,392 730 8642,Loc Segni,Carloforte,,autoaffari.carloforte@yahoo.it,https,WordPress,No,Keliweb S.R.L,57,74,100.00,Sì,No
Noleggio Scooter Sant'Antioco 2 GO,Servizio di noleggio scooter,http://www.santantioco2go.it,349 624 8839,"59, Via Perret, 71",Sant'Antioco,,info@santantioco2go.it,https,Joomla,No,SEEWEB s.r.l.,63,74,92.00,Sì,No
MotoRentSardinia - Motorcycles Rental & Tour Alghero,Agenzia di noleggio moto,http://www.motorentsardinia.com,320 344 1226,Aeroporto di Alghero,Alghero,,info@motorentsardinia.com,https,React,Sì,"Cloudflare, Inc.",54,74,92.00,Sì,No
RENT SCOOTER ALGUER - NOLEGGIO SCOOTER ALGHERO,Agenzia di noleggio moto,http://www.rentscooteralghero.it,371 356 2523,"Via Giuseppe Mazzini, 161",Alghero,,scooteralguer@gmail.com,https,WordPress,No,Aruba S.p.A.,56,74,92.00,Sì,No
"Escursioni quad Ogliastra-Sardegna-Baunei e noleggio gommoni Santa Maria Navarrese in Ogliastra, ESCURSIONI NON SOLO MARE",Servizio di noleggio quad,http://www.escursioninonsolomare.it,351 369 1641,Via Ginestra,Tortolì,,booking@escursioninonsolomare.it,https,Wix,Sì,Google LLC,59,82,100.00,Sì,No
"Kamari Rent noleggio auto,quad,scooter senza Conducente e con Conducente",Agenzia di noleggio auto,https://noleggioautosardegna.com,328 573 9176,"Via Porto Pino, 9",Sant'Anna Arresi,,kamarirent@gmail.com,https,WordPress,No,Server Plan S.r.l.,61,77,92.00,Sì,No
Yamaha - Msc Motori Lecce,Concessionario moto,,0832 092854,"Viale Giuseppe Grassi, 17",Lecce,,,,,,,,,,,
MotoGarage Lecce,Agenzia di noleggio moto,http://www.motogaragelecce.it,340 060 7106,"Viale Ugo Foscolo, 36",Lecce,,info@motogaragelecce.it,http,Joomla,Sì,Aruba S.p.A. Network,52,66,100.00,Sì,No
Moove Alghero,Agenzia di noleggio moto,https://www.moovealghero.it,342 618 0373,"Via Antonio Lo Frasso, 32A",Alghero,,info@moovealghero.it,https,Shopify,Sì,Netsons s.r.l.,63,87,100.00,Sì,No
SCOOTERIA DUE EFFE MOTO RENTING,Servizio di noleggio scooter,,0832 098110,Via leuca148,Lecce,,,,,,,,,,,
Salento Rent,Agenzia di noleggio auto,https://www.salentorent.it,0832 307152,"Via Vittorio Emanuele II, 14",Lecce,,info@salentorent.it,https,React,Sì,Keliweb S.R.L,52,69,92.00,Sì,No
S.R. Noleggi,Agenzia di noleggio moto,http://www.srnoleggi.it,334 819 9576,Strada Provinciale 44,Alghero,,info@srnoleggi.it,https,Joomla,Sì,OVH SAS,59,63,92.00,Sì,No
Cielo Stellato Rent- Noleggio Moto,Agenzia di noleggio moto,,388 628 9134,"artmoda, Via Pompeo Sarnelli, 97",Polignano a Mare,,,,,,,,,,,
SP Motors,Agenzia di noleggio moto,http://www.spmotorsgallipoli.it,347 955 2144,"Via Ludovico Ariosto, 17",Gallipoli,,info@spmotorsgallipoli.it,https,WordPress,Sì,Hetzner Online GmbH,63,91,92.00,Sì,No
Sp Motors Vendita e Noleggio Auto Moto e Scooter,Agenzia di noleggio auto,https://www.speedmotorscasarano.it,0833 505113,"Corso XX Settembre, 231",Casarano,,sp.speedmotors99@gmail.com,https,ASP.NET,No,Aruba S.p.A,57,67,91.00,Sì,No
CiaRent Autonoleggi Cagliari - Auto - Scooter - Van,Agenzia di noleggio auto,https://www.autonoleggicagliari.it,070 656503,"Via Molo Sant'Agostino, 13",Cagliari,,,https,Wix,Sì,Google LLC,56,91,100.00,Sì,No
CITYCAR Autonoleggio - Noleggio Bici e Scooter,Agenzia di noleggio auto,http://www.citycarauto.com,348 370 2916,"Via Diso, 216",Spongano,,,https,Angular,Sì,Aruba S.p.A. Network,56,89,92.00,Sì,No
Overall Rent,Agenzia di noleggio moto,http://www.overallrent.it,392 994 6969,"Via XX Settembre, 53/C",Alghero,,info@overallrent.it,https,WordPress,Sì,OVH SAS,57,64,92.00,Sì,No
"Piaggio Center Archetta Noleggio Scooter-Auto-9 Posti-Ape Calessino,Brindisi-Porto Cesareo,Vendita-Assistenza Piaggio,Vespa",Servizio di noleggio scooter,http://www.salentorentarchetta.it,349 384 5672,"Via Caduti di Via Fani, 13",Torre Santa Susanna,,,https,ASP.NET,No,Aruba S.p.A,56,84,100.00,Sì,No
Mec Moto Noleggio,Agenzia di noleggio moto,,351 977 6262,"Via degli Artigiani, 1",Taviano,,,,,,,,,,,
Noleggio a Gallipoli. Bici Scooter Auto e servizio navetta.Corso Roma Gallipoli,Agenzia di noleggio auto,http://www.easyrentgallipoli.it,340 081 0867,"Via A. Castriota, 13",Gallipoli,,info@easyrentgallipoli.it,http,Joomla,No,Aruba S.p.A.,26,68,92.00,Sì,No
Autonoleggio Lecce Rent,Agenzia di noleggio auto,,0832 245118,"Piazzale Stazione, 1",Lecce,,,,,,,,,,,
Ellepi - Autonoleggio (auto e moto),Agenzia di noleggio auto,https://www.ellepirental.com,0789 69055,Aeroporto Costa Smeralda,Olbia,,info@ellepirental.com,https,ASP.NET,No,Aruba S.p.A. Network,64,70,83.00,Sì,No
AM Service S.n.c.,Agenzia di noleggio auto,http://www.amserviceonline.it,0789 68884,"Centro Comm. Il Delfino, Viale Costa Smeralda",Arzachena,,prenotazioni@amserviceonline.it,https,WordPress,No,Amazon Technologies Inc.,65,77,92.00,Sì,No
Cars & Bikes Autonoleggio - Pick Up Point,Agenzia di noleggio auto,https://www.carsandbikesrent.it,338 357 4639,"Piazza dei Pini, 10",Baja Sardinia,,reservation@carsandbikesrent.it,https,WordPress,Sì,Amazon Technologies Inc.,52,69,92.00,Sì,No
"Sg Rent, Navetta da 9 posti a 55 noleggio auto,scooter,bici più servizio NCC",Azienda di trasporti in autobus,,346 619 6830,"Via Gian Battista Vico, 61",Gallipoli,,,,,,,,,,,
Albuggy Rent,Agenzia di noleggio moto,https://www.albuggy.it,391 434 4963,"Via dei Fabbri, 5",Olbia,,albuggyolbia@gmail.com,,React,Sì,Aruba S.p.A.,67,86,85.00,Sì,No
Noleggio scooter palau,Servizio di noleggio scooter,https://noleggioscooterpalau.it,346 872 8022,"Via delle Ginestre, 10",Palau,,info@pushhardpalau.com,https,WordPress,No,Aruba S.p.A. Network,59,84,85.00,Sì,No
LUPOBIKE noleggio Auto Scooter anche senza carta di credito,Servizio di noleggio scooter,https://www.lupobike.it,338 130 2067,"Via Giuseppe Garibaldi, 56h",Olbia,,,https,Angular,No,OVH ISP,64,95,100.00,Sì,No
Salento Rent Hub,Servizio di noleggio scooter,http://salentorenthub.com,327 053 9632,"Via Tevere, 26",San Foca,,,https,React,No,wix com inc,53,89,92.00,Sì,No
Treforsail servizi turistici e noleggio gommonii - Costa Smeralda,Noleggio barche,http://www.treforsail.it,377 092 3643,Abbiadori.21 Cala di Volpe,Porto Cervo,,info@treforsail.it,https,WordPress,Sì,OVH SAS,42,57,92.00,Sì,No
Scooter a Gallipoli associazione Gallipoli in Scooter,Servizio di noleggio scooter,http://www.blurentgallipoli.it,349 476 6415,"Via Rosmini, 15",Gallipoli,,,http,WordPress,No,Aruba S.p.A.,51,59,92.00,Sì,No
BLURENT NOLEGGIO SCOOTER AUTO BICI E-BIKE,Agenzia di noleggio auto,http://www.blurentgallipoli.it,351 795 3290,"VIA Lungomare G. Galilei 67, Corso Roma, 181",Gallipoli,,,http,WordPress,No,Aruba S.p.A.,49,56,92.00,Sì,No
Micky Rent,Agenzia di noleggio auto,http://www.mickyrent.it,334 280 3358,"Viale Isola Bianca, 38",Olbia,,info@mickyrent.it,https,Joomla,Sì,Aruba S.p.A,68,89,58.00,Sì,No
Lulù Rental & Service,Agenzia di noleggio auto,,339 218 4273,"Località LaConia, Isuledda",Cannigione,,,,,,,,,,,
CauRent,Agenzia di noleggio auto,https://caurent.it,320 854 0804,Via Walter Frau,Olbia,,caurent.olbia@gmail.com,https,WordPress,No,"Namecheap, Inc.",61,66,100.00,Sì,No
"Agata Palarent srls - Autonoleggio , Rent Car Olbia",Agenzia di noleggio auto,https://www.palarentolbia.it,329 261 1953,"Via Giuseppe Ungaretti, 14",Olbia,,agatapalarent@gmail.com,https,WordPress,No,Netsons s.r.l.,78,98,100.00,Sì,No
Move Around Sardinia,Agenzia di noleggio auto,https://movearoundsardinia.it,349 415 2526,"Via Luigi Galvani, 52",Olbia,,,https,Joomla,Sì,HOSTINGER FR,80,98,92.00,Sì,No
189 Garage,Servizio di noleggio scooter,http://189garage.eu,371 335 7667,"Via Azuni, 17 Via Giuseppe mazzini 15, Via Amendola, 17",La Maddalena,,189garage@gmail.com,https,WordPress,No,Aruba S.p.A.,56,76,92.00,Sì,No
Sea Bounty Tourist Services,Servizio di noleggio scooter,https://www.seabounty.it/en,379 283 2817,"Via Porto Romano, 30",Olbia,,info@seabounty.it,https,WordPress,Sì,Netsons s.r.l.,60,92,85.00,Sì,No
Extreme - Noleggio Scooter e Biciclette,Servizio di noleggio biciclette,http://www.xtreme-alghero.com,328 919 5168,"Via Lido, 22",Alghero,,info@xtreme-alghero.com,https,WordPress,No,Iperweb Cloud-iaas 1,64,63,92.00,Sì,No
Budoni Sweet Scooter,Servizio di noleggio scooter,https://www.budonisweethome.it/noleggio-scooter,379 103 1306,SS 125 Orientale Sarda,Budoni,,booking@budonisweethome.it,https,ASP.NET,Sì,Amazon Technologies Inc.,56,73,100.00,Sì,No
MyScoot.net | Noleggio Scooter | Cagliari Centro,Servizio di noleggio scooter,https://www.myscoot.net,328 218 2395,"Viale Trieste, 95",Cagliari,,net@gmail.com,https,Shopify,No,Server Plan S.r.l.,85,99,92.00,Sì,No
ST Rent,Servizio di noleggio scooter,http://www.st-rent.com,347 969 3418,"Via Sardegna, sn",Suaredda-traversa,,,https,React,Sì,Google LLC,79,97,100.00,Sì,No
Autom3 Rental,Agenzia di noleggio auto,http://www.autom3.it,348 005 6003,"Via Vittorio Veneto, 30",Alghero,,automtre@gmail.com,https,WordPress,No,Aruba S.p.A.,67,93,100.00,Sì,No
Garage 72 Vendita e Assistenza Moto e Motorini,Negozio di motociclette,,070 592 7929,"Via Giovanni Maria Angioy, 68",Cagliari,,,,,,,,,,,
Piaggio Center Di Manis Gabriele,Officina per la riparazione di moto,,070 205 4077,"Via Ignazio Coghe, 50",Assemini,,,,,,,,,,,
CRT RENT A CAR Airport Elmas Cagliari Sardegna ( Sardinia ),Agenzia di noleggio auto,https://www.crtrentacar.com,327 185 1064,"Via Capri, 24",Quartu Sant'Elena,,crtrentacar@gmail.com,https,WordPress,No,"Automattic, Inc",83,93,100.00,Sì,No
Rent For Cagliari Centro città c/o Garage 72,Agenzia di noleggio moto,http://rentforcagliari.com,392 992 4699,"Via Sassari, 12",Cagliari,,info@rentforcagliari.com,http,Shopify,No,WIIT AG,74,94,92.00,Sì,No
Noleggio Auto e Moto EPICENTRO,Agenzia di noleggio auto,https://www.epicentrogroupsrl.com,070 332 6718,"Via Sulcitana, 219",Elmas,,info@epicentrogroupsrl.com,,React,Sì,"DigitalOcean, LLC",62,87,85.00,Sì,No
CAGLIARI RENT,Agenzia di noleggio auto,http://www.cagliarirent.it,329 771 4150,"Via Serchio, 139",Quartu Sant'Elena,,info@cagliarirent.it,https,React,No,Netsons s.r.l.,57,71,100.00,Sì,No
EasyRental,Agenzia di noleggio auto,http://www.easyrentalcar.eu,338 600 2244,"Via Grazia Deledda, 2",Porto San Paolo,,info@easyrentalcar.eu,https,Joomla,No,Aruba S.p.A. Network,59,57,92.00,Sì,No
Autonoleggio Sardinya,Agenzia di noleggio auto,http://www.autonoleggiosardinya.it,079 291113,"Viale Caprera, 8a",Sassari,,,https,WordPress,Sì,"Cloudflare, Inc.",60,75,85.00,Sì,No
Euromoto di Aiò Gianluca,Agenzia di noleggio auto,http://www.noleggiosantantioco.it,347 880 3875,"Via Nazionale, 57",S.Antioco,,euromoto.ag@gmail.com,https,ASP.NET,No,Aruba S.p.A. Network,56,93,91.00,Sì,No
Piras Osvaldo,Agenzia di noleggio auto,,0782 37149,Viale Firenze,Arzana,,,,,,,,,,,
Mazzella Noleggio - Car & Scooter rental,Agenzia di noleggio auto,https://www.noleggiomazzella.it,0784 877468,"Via Nazario Sauro, 108",La Caletta,,info@centroservizimazzella.it,https,WordPress,No,Aruba S.p.A. Network,62,79,92.00,Sì,No
Aritzo Off-Road Experience,Servizio di noleggio quad,http://www.aritzoffroadexperience.com,327 127 7738,Via Bigna e Mariccu 4,Aritzo,,,,Angular,Non trovato,Google LLC,79,100,36.00,No - Pagina Non Trovata (404),No
ServizioTaxi noleggio con conducente V. E. Service,Servizio taxi,http://www.veservice-ncc.it,340 728 9567,Via Piero Gobetti,Abbasanta,,,http,ASP.NET,No,Aruba S.p.A. Network,72,94,100.00,Sì,No
"International Boat- Noleggio Gommoni - moto d'acqua Arbatax , Tortolì",Noleggio barche,http://www.internationalboat.it,375 668 0938,Marina di Arbatax,Tortolì,,info@internationalboat.it,https,React,No,Aruba S.p.A.,60,65,100.00,Sì,No
Del Piano Motors auto moto bici noleggio,Agenzia di noleggio auto,http://www.delpianomotors.com,0785 218359,Piazza Dante Alighieri,Bosa,,info@delpianomotors.com,https,Shopify,Sì,Krystal Hosting Ltd,67,62,92.00,Sì,No
"M Rent Sardinia - Noleggio auto, scooter e van Sardegna Porto Pino, Sant'Anna Arresi, Sant'Antioco",Agenzia di noleggio auto,https://mrentsardinia.com/it,347 052 5637,"Via Is Massaius, 9",San Giovanni Suergiu,,info@mrentsardinia.com,https,WordPress,Sì,Hostpoint AG,62,66,85.00,Sì,No
Natura in Movimento ASD Aglientu,Servizio di noleggio biciclette,http://nimbikeaglientu.com,339 624 3176,"Via Molino, 6",Aglientu,,info@nimbikeaglientu.com,https,WordPress,No,Aruba S.p.A.,50,55,83.00,Sì,No
Stop & Go Di Calaresu Stefania,Concessionario moto,,333 288 4554,Via dell'Artigianato,Santa Teresa Gallura,,,,,,,,,,,
Rentame,Servizio di noleggio scooter,http://www.rentame.it,377 094 6406,"Via Emilio Lussu, 10",Santa Teresa Gallura,,rentame.it@gmail.com,https,Joomla,Sì,Keliweb S.R.L,55,56,85.00,Sì,No
BedBike Baunei,Bed & Breakfast,,349 153 2166,"Via Canonico Sanna, 28",Baunei,,,,,,,,,,,
Autonoleggio Canu Antonio,Agenzia di noleggio auto,,328 873 0652,"Via Stretta, 12",Baunei,,,,,,,,,,,
Motoparadiso 5,Agenzia di noleggio moto,http://motoparadiso5.com,366 997 1067,"Via delle Terme Vicolo E, B, n° 3",Olbia,,info@motoparadiso5.com,https,React,No,Strato AG,56,75,85.00,Sì,No
Escursioni Quad Baunei,Servizio di noleggio quad,http://www.escursioniquadbaunei.it,328 713 7074,"Via Orientale Sarda, 1",Baunei,,escursioniquadbaunei@gmail.com,https,Shopify,Sì,Aruba S.p.A. Network,49,78,100.00,Sì,No
Aerre Car Rent AUTONOLEGGIO BUDONI,Agenzia di noleggio auto,https://www.aerrenoleggisardegna.com,0784 267683,"Via Garibaldi, 4",Budoni,,info@aerrenoleggisardegna.com,https,WordPress,Sì,Serverplan s.r.l.,65,74,92.00,Sì,No
Autonoleggio Sardinya - Oristano,Agenzia di noleggio auto,http://www.autonoleggiosardinya.it,0783 779106,"Via Cagliari, 440",Oristano,,,https,WordPress,Sì,"Cloudflare, Inc.",57,76,85.00,Sì,No
Bike Or di Roberto Pigato,Servizio di noleggio biciclette,https://www.bikeor.it,349 396 7335,"Viale Repubblica, 39",Oristano,,info@bikeor.it,https,Shopify,No,Contabo GmbH,40,59,85.00,Sì,No
explorarent,Agenzia di noleggio auto,https://www.explorarent.com,366 422 2888,Località Suaraccia,San Teodoro,,explorarent@gmail.com,https,WordPress,No,Host SpA,52,75,92.00,Sì,No
MOTORBIKE RIDE SARDINIA,Agenzia di noleggio moto,https://www.motorbikeridesardinia.com,320 083 4508,"Via Fausania, 9/A",Olbia,,,https,Shopify,No,Hetzner Online GmbH,65,93,100.00,Sì,No
"Noleggio Auto, Moto e Scooter Pescara Fourwheels Renting",Agenzia di noleggio auto,https://fourwheelsrenting.it/filiali-fourwheels-renting/filiale-di-pescara,327 802 1321,"Viale Europa, 132",Spoltore,,info@fourwheelsrenting.it,https,Duda,Sì,Hetzner Online GmbH,28,56,85.00,Sì,No
Dosso Rental,Agenzia di noleggio auto,https://www.dossorental.it,379 234 1177,"Via del Castagno, 7",Olbia,,dossoscooter@gmail.com,https,WordPress,Sì,Google LLC,74,95,100.00,Sì,No
Motomania di Patteri Antonello,Officina per la riparazione di moto,http://www.motomaniaorosei.com,0784 997030,"Via Sebastiano Satta, 20",Orosei,,motomania.orosei@gmail.com,https,Shopify,Sì,OVH SAS,61,79,85.00,Sì,No
Vespa Tour Sardinia,Servizio di noleggio scooter,https://vespatoursardinia.it,351 763 1423,"Via Roma, 148",Villasimius,,info@vespatoursardinia.it,https,React,Sì,Seflow S.N.C. Di Marco Brame' & C.,42,50,92.00,Sì,No
Escursioni Orosei,Agenzia di noleggio moto,http://www.escursioniorosei.com,328 143 4630,Viale Calaliberotto,Cala Liberotto,,picanino@tiscali.it,https,React,No,Aruba S.p.A.,42,46,92.00,Sì,No
Road Runner Scooter Rent,Servizio di noleggio scooter,http://www.rrscooterrent.com,327 851 1342,"Via Luigi Miccoli, 57",Ostuni,,rrscooterrent@gmail.com,https,WordPress,Sì,Aruba S.p.A. Network,49,90,92.00,Sì,No
"Dai Gas Nolo - Noleggio Auto, Furgoni, Pulmini 9 Posti, Moto e Scooter.",Agenzia di noleggio auto,https://www.daigas-noleggiobologna.com,388 866 9964,"Via dei Lapidari, 8e",Bologna,,info@daigasnolo.it,http,WordPress,Sì,Hetzner Online GmbH,49,68,100.00,Sì,No
PEDONE VEICOLI GROUP,Concessionario moto,http://www.pedoneveicoli.it,0833 522569,"SS275, 650",Alessano,,,https,React,No,Google LLC,70,86,100.00,Sì,No
Europcar Valledoria,Agenzia di noleggio auto,,079 583102,"Corso Europa, 86",Valledoria,,,,,,,,,,,
Colaci Moto Di Adolfo Colaci,Concessionario moto,http://www.colacimoto.it,0833 555895,"Via Rovigo, 5",Ugento,,info@colacimoto.it,https,Angular,No,OVH ISP,71,94,100.00,Sì,No
Sardabus,Agenzia di noleggio auto,https://www.sardabus.it,079 684087,"Via Nazionale, 26",Badesi,,info@sardabus.it,https,ASP.NET,No,Aruba S.p.A. Network,84,100,100.00,Sì,No
Ottobielle S.R.L.,Negozio di motociclette,https://www.brunettimotors.it,099 973 8934,"Via Giambattista De Falco, 10",Manduria,,info@brunettimotors.it,https,React,No,Aruba S.p.A. Network,53,60,82.00,Sì,No
"Noleggio Scooter, Auto Elettriche e Kayak a La Maddalena GREENandSLOW",Servizio di noleggio scooter,https://rentlamaddalena.com,344 284 4466,porto di la maddalena,La Maddalena,,info@rentlamaddalena.com,https,React,Sì,Aruba S.p.A.,70,88,85.00,Sì,No
Easy Travel di Oggiano Pasqualino,Servizio taxi,https://www.easytravelsardinia.com,366 354 6371,"Via Mare, 16/A",Badesi,,easy3travel@gmail.com,,React,Sì,SEEWEB s.r.l.,57,75,100.00,Sì,No
Sardinia Experience Quad Tour,Servizio di noleggio quad,https://sardiniaexperience.wixsite.com/sardinia-experience,366 379 3524,"Via degli Artigiani, 10",Bitti,,sardiniaexperiencequadtour@gmail.com,https,React,No,Google LLC,67,91,100.00,Sì,No
Officina Meccanica Sebastiano Mercenaro - Gommista- Noleggio Bici e Scooter,Agenzia di noleggio auto,,0781 88658,"Via Roma, 118",Calasetta,,,,,,,,,,,
Discoverent,Agenzia di noleggio moto,https://www.discoverent.it/it,080 527 6513,"Via Glomerelli, Traversa, 4",Bari,,info@discoverent.it,https,React,Sì,Simply Transit Ltd,60,74,83.00,Sì,No
officine motorent,Agenzia di noleggio moto,http://www.officinemotorent.it,393 921 7684,"Via de Rossi, 30/a",Bari,,info@officinemotorent.it,https,Joomla,No,Aruba S.p.A.,55,68,85.00,Sì,No
Hertz Ride Motorcycle Rentals & Tours Bari,Agenzia di noleggio moto,https://www.hertzride.com/en/locations/motorcycle-rental-bari-694,333 950 8633,"Strada Glomerelli Traversa, N. 4",Bari,,bari.location@hertzride.com,https,Shopify,No,Microsoft Corporation,59,53,85.00,Sì,No
Mannarini | Moto Honda e Bici Bari,Concessionario moto,https://mannarini.com,080 554 1983,"Via Giuseppe Capruzzi, 13",Bari,,info@mannarini.com,https,WordPress,Sì,OVH SAS,49,44,85.00,Sì,No
Cicloexpress,Servizio di noleggio biciclette,http://www.cicloexpress.com,329 290 3650,Via Giuseppe Garibaldi,Alghero,,info@cicloexpress.com,https,Angular,No,Aruba S.p.A.,56,52,83.00,Sì,No
Chiriatti Moto di Chiriatti Davide,Agenzia di noleggio moto,http://www.chiriattimoto.it,328 706 9223,"Via S. Giovanni, 13",Otranto,,,https,ASP.NET,No,Aruba S.p.A.,71,96,91.00,Sì,No
Autonoleggiami di Manca Gianluca,Agenzia di noleggio auto,https://www.mgrentcar.it,331 777 7330,"Via Tenente Giuseppe Colaci, 11",Copertino,,,https,React,No,Aruba S.p.A.,57,86,75.00,Sì,No
Noleggio Auto e Furgoni Maggiore AmicoBlu - Lecce,Agenzia di noleggio auto,,0832 300184,"Via Taranto, 76",Lecce,,,,,,,,,,,
Pegasus Auto Vendita & Noleggio,Rivenditore di auto,https://www.pegasusauto.it,0832 199 2127,"Via Lequile, 154",Lecce,,info@pegasusautolecce.it,https,Joomla,No,Aruba S.p.A. Network,36,62,85.00,Sì,No
Car-Là Service SRL,Agenzia di noleggio auto,https://www.carlaservice.it,349 666 7428,"Via Rosario Romeo, 2",Cavallino,,info@carlaservice.it,https,WordPress,No,Aruba S.p.A.,37,64,85.00,Sì,No
Autonoleggio Sardinya - Alghero,Agenzia di noleggio auto,http://www.autonoleggiosardinya.it,079 987403,"Via Giuseppe Garibaldi, 113",Alghero,,,https,WordPress,Sì,"Cloudflare, Inc.",56,73,85.00,Sì,No
LUXAUTO VENDITA AUTO E NOLEGGIO,Agenzia di noleggio auto,http://www.luxautoportocesareo.it,338 297 7498,Via Circonvallazione,Porto Cesareo,,,https,Basekit,No,Aruba S.p.A.,46,47,92.00,Sì,No
Bono auto e Noleggi,Rivenditore di auto usate,http://www.bonoauto.it,320 196 1335,"Via Grosseto, 100",Collemeto,,bononoleggisas@pec.it,https,Shopify,Sì,Aruba S.p.A. Network,56,77,92.00,Sì,No
Motostore S. R. L.,Concessionario moto,,070 486813,"Viale Marconi, 2",Cagliari,,,,,,,,,,,
Bikers Bortigali,Club sportivo,,333 767 7543,Via Lazio,Bortigali,,,,,,,,,,,
"Sardinia Rides Motorcycle Experiences, tours, rental, riding school",Agenzia di noleggio moto,https://www.sardiniarides.com,377 090 4283,Via Molara traversa 1. Montepetrosu SS IT,San Teodoro,,,,WordPress,No,Combell NV,64,83,92.00,Sì,No
Tartanocchia Transfer di Fois Pietro,Servizio taxi,,345 388 0751,"Via G. Matteotti, 4",Borore,,,,,,,,,,,
San Teodoro Autonoleggi,Agenzia di noleggio auto,http://www.santeodoroautonoleggi.it,349 003 9786,Via Sardegna,San Teodoro,,info@santeodoroautonoleggi.it,https,WordPress,No,Aruba S.p.A.,55,77,85.00,Sì,No
Nord Car Srl Buddusó,Rivenditore di veicoli a motore,http://www.nordcar.it,079 715289,"Via Fabrizio de André, 5/A",Buddusò,,,https,WordPress,No,HOSTINGER FR,78,95,92.00,Sì,No
Noleggiora Rent Iglesias,Agenzia di noleggio auto,http://www.noleggiora.it,349 977 0385,"Corso Cristoforo Colombo, 75b",Iglesias,,booking@noleggiora.it,https,React,Sì,"DigitalOcean, LLC",0,81,92.00,Sì,No
Noleggio gommoni e Escursioni Mormora Tours,Noleggio barche,,338 917 6708,Via Roma,Buggerru,,,,,,,,,,,
"D&G Motors - Officina meccanica, Noleggio Auto Scooter",Servizio di noleggio scooter,,329 942 9628,"Viale Osservatorio Astronomico, 15",Carloforte,,,,,,,,,,,
Noleggio e escursioni gommoni a Buggerru BBS Nautica,Noleggio barche,http://www.buggerrusurfschool.com/services/noleggio-gommoni,380 183 9440,Via dei Lidi,Buggerru,,buggerrusurfschool@hotmail.com,https,WordPress,Sì,Aruba S.p.A.,56,72,92.00,Sì,No
Pescaturismo Scalas Buggerru,Agenzia di escursioni in barca,,347 141 2800,Porto,Buggerru,,,,,,,,,,,
BuggerruGreenTourism,Centro informazioni turistiche,http://www.buggerrugreentourism.com,347 129 4855,"Via Roma, 133",Buggerru,,turismobuggerru@gmail.com,https,Shopify,No,Aruba S.p.A. Network,50,54,92.00,Sì,No
Hurba - Noleggio Scooter - Rent and Go...vendita...assistenza..,Agenzia di noleggio moto,https://www.eco-rent.net,347 429 0384,"Corso Giuseppe Garibaldi, 67",Brindisi,,,https,WordPress,No,Serverplan s.r.l.,100,100,75.00,Sì,No
NCC Valentina Cuccu Autonoleggio,Agenzia di noleggio auto,,333 443 9036,"Via Pietro e Maria Curie, 48",Burcei,,,,,,,,,,,
"Mastroleo Noleggio Auto, Scooter a TORRE SAN GIOVANNI, Salento",Agenzia di noleggio auto,https://www.mastroleonoleggio.com,371 305 0028,"Via Isole Tremiti, 4",Torre San Giovanni,,info@mastroleonoleggio.com,https,Joomla,No,Aruba S.p.A.,48,42,92.00,Sì,No
Miamar Noleggio e Vendita,Servizio di noleggio biciclette,https://miamarnoleggio.it,342 041 8890,"Corso Agostino Tagliafico, 44",Carloforte,,,https,Shopify,No,Combell NV,56,74,100.00,Sì,No
Antonello Pinna - Noleggio con Conducente,Agenzia di noleggio auto,,347 011 1767,Via Umberto Saba,Marrubiu,,,,,,,,,,,
MotoRentSardinia - Motorcycles Rental & Tour Cagliari,Agenzia di noleggio moto,http://www.motorentsardinia.com,079 956 3693,Aeroporto di,Cagliari,,,https,React,Sì,"Cloudflare, Inc.",48,76,92.00,Sì,No
Vico Rent Scooter,Agenzia di noleggio moto,https://www.vicorent.com,333 639 5043,"Corso Filangieri, 23",Vico Equense,,info@vicorent.com,https,WordPress,Sì,Aruba S.p.A. Network,56,84,85.00,Sì,No
Moto Sport,Negozio di biciclette,,070 564972,"Via Cesare Cabras, 12G",Monserrato,,,,,,,,,,,
"Rent me - Noleggio Moto, Scooter, Auto, E-Scooter ed altri Servizi Turistici",Agenzia di noleggio moto,https://www.rentme-noleggio.it,375 742 1133,"Via Mariano Stabile, 15/17/23",Palermo,,info@rentme-noleggio.it,https,WordPress,Sì,Aruba S.p.A.,61,85,77.00,Sì,No
Maggiore Moto SAS,Concessionario moto,http://www.maggioremoto.com,345 528 1783,"Via Piave, 36",Napoli,,maggioremoto@gmail.com,,WordPress,No,Serverplan s.r.l.,54,38,77.00,Sì,No
Centro Moto Colosseo / Scooter Colosseum,Servizio di noleggio scooter,http://www.scootercolosseum.com,06 7045 1069,"Front of Colosseum, Via dei SS. Quattro, 46",Roma,,info@scootercolosseum.com,http,Duda,No,Aruba S.p.A. Network,25,65,77.00,Sì,No
OnMovo Rent a Scooter-Self Service Recollection Point,Agenzia di noleggio moto,http://www.onmovo.com,06 481 5669,"Via Cavour, 199",Roma,,,https,Shopify,No,"Cloudflare, Inc.",80,90,92.00,Sì,No
Noleggio Auto e Furgoni Maggiore AmicoBlu Oristano,Agenzia di noleggio auto,,0783 350028,"Via Bruxelles, Sn",Oristano,,,,,,,,,,,
Auto In muro leccese VENDITA E NOLEGGIO,Agenzia di noleggio auto,,0836 342865,"Via Malta, 203",Muro Leccese,,,,,,,,,,,
VESPA TOUR OF ROME - ROME BY VESPA,Agenzia per escursioni,http://www.romebyvespa.com,380 643 2278,Via della Madonna dei Monti,Roma,,info@romebyvespa.com,https,Shopify,No,Host SpA,62,85,85.00,Sì,No
Casa Luna Noleggio Mezzi,Agenzia di noleggio moto,,348 374 3624,Via Ghivine,Cala Gonone,,,,,,,,,,,
NonSoloMoto Muravera,Concessionario moto,https://www.nonsolomotonline.it,393 227 3409,"VIA SAN GIORGIO, 3",Muravera,,,https,WordPress,No,"Cloudflare, Inc.",48,84,92.00,Sì,No
Night & Day,Agenzia di noleggio auto,,333 625 2542,"Via Porrino, 10",Ozieri,,,,,,,,,,,
Buena Vista Scooter Rental Olbia,Servizio di noleggio scooter,https://www.olbiascooterrental.com,351 604 9622,"terra, V. Acquedotto Romano, 5c",Olbia,,info@olbiascooterrental.com,https,Shopify,Sì,Aruba S.p.A.,65,83,92.00,Sì,No
Autoservizi Mereu Srl,Agenzia di noleggio auto,,070 935 3000,"Via Roma, 5",Pabillonis,,,,,,,,,,,
Noleggiare Melis Rent,Servizio di noleggio scooter,,393 978 9030,"Piazza Carlo Emanuele III, 3",Carloforte,,,,,,,,,,,
Autonoleggio Sardinya - Palau,Agenzia di noleggio auto,http://www.autonoleggiosardinya.it,0789 709083,"Via Nazionale, 97",Palau,,,https,WordPress,Sì,"Cloudflare, Inc.",56,73,85.00,Sì,No
France Cars - Location utilitaire et voiture Pau,Agenzia per il noleggio di furgoni,,+33 5 59 11 59 59,16 Av. du 18ème Régiment d'Infanterie,Pau,,,,,,,,,,,
Motocycles BISCORRAY,Concessionario scooter,,+33 5 59 27 48 55,41 Bd Tourasse,Pau,,,,,,,,,,,
Yellow Bike,Concessionario moto,,+33 5 59 90 06 32,4 Rue de l'Aubisque,Bizanos,,,,,,,,,,,
Cyclophil 64,Officina per la riparazione di scooter,,+33 5 59 04 14 91,15 Rue Jean Jacques de Monaix,Pau,,,,,,,,,,,
"Moto Axxe Pau | Claudet Moto, concessionnaire Yamaha/Beta",Concessionario moto,,+33 5 59 32 87 99,1 Av. Marcel Dassault,Lons,,,,,,,,,,,
Yamaha Rent - Location Motos & Scooters - Claudet Moto Yamaha,Agenzia di noleggio moto,https://rent.yamaha-motor.eu/nos-agences/lons-64140-claudet-moto,+33 5 64 14 06 40,1 Av. Marcel Dassault,Lons,,,https,React,No,"Cloudflare, Inc.",52,42,83.00,Sì,No
Noleggio auto e gommoni Rental Orosei,Agenzia di noleggio auto,https://noleggiorosei.it,379 249 1167,"Largo sa mattanosa, Viale Cala Ginepro, 4",Orosei,,info.rentalorosei@gmail.com,https,WordPress,Sì,Keliweb S.R.L,55,89,100.00,Sì,No
I-RENT GROUP | Rent a Car | Autonoleggio | Orosei | Cala Gonone,Agenzia di noleggio auto,,0784 997875,"Via Grazia Deledda, 74",Orosei,,,,,,,,,,,
Northwesternbikers,Servizio di noleggio biciclette,https://www.northwesternbikers.it,345 970 8865,Via Antonietta Bassu,Porto Torres,,,https,React,Sì,Aruba S.p.A.,61,97,100.00,Sì,No
Birbike (noleggio bici elettriche),Servizio di noleggio biciclette,,348 428 8141,"Via Sassari, 102",Porto Torres,,,,,,,,,,,
Rental Sardinia,Agenzia di noleggio auto,https://gratis-5609695.webadorsite.com,351 350 4190,"Piazza Dogana, 8",Porto Torres,,assistenza@webador.it,https,React,No,Google LLC,83,99,92.00,Sì,No
Noleggio Bici E-bike - Porto torres,Servizio di noleggio biciclette,http://www.escursi.com/edichnosescursioni,339 673 5085,Piazza Dogana,Porto Torres,,,https,Angular,Sì,OVH SAS,33,40,50.00,Sì,No
Autonoleggio Deidda di Deidda Marco,Agenzia di noleggio auto,,338 485 0772,"Via Leonardo da Vinci, 37",Portoscuso,,,,,,,,,,,
Car & driver rent,Servizio taxi,https://micheletaxi.com,320 853 9303,"Via Foscolo, 7",Portoscuso,,,https,WordPress,No,"DigitalOcean, LLC",69,98,92.00,Sì,No
Autonoleggio Mariani,Agenzia di noleggio auto,,345 589 1021,"Via Tempio, 25",Portoscuso,,,,,,,,,,,
Officina Meccatronica Mocci Mariano - noleggio auto e scooter Carloforte,Officina autoriparazioni,http://www.officinamoccimariano.com,333 709 7671,"Viale Cantieri, snc",Carloforte,,moccimariano@tiscali.it,https,React,Sì,OVH SAS,56,85,85.00,Sì,No
ROAS: Officina & Noleggio,Agenzia di noleggio auto,https://www.officinacarloforte.it,346 151 0629,Loc. Segni,Carloforte,,officinaroas@yahoo.it,http,React,No,Eurologon S.r.l,71,90,100.00,Sì,No
Noleggio Bici e Scooter GioRent,Negozio di biciclette,,347 656 5587,"Via Lipari, 3/5",Quartu Sant'Elena,,,,,,,,,,,
Rent for Pula,Servizio di noleggio scooter,http://www.rentforpula.it,328 199 2582,"Via Nora, 88",Pula,,,https,WordPress,Sì,Keliweb S.R.L,49,70,92.00,Sì,No
Planet Motors s.r.l.,Concessionario moto,https://www.planetmotors.it,070 881179,"V. Guglielmo Marconi, 113",Quartu Sant'Elena,,planetmotors.ktm@gmail.com,https,Joomla,Sì,Netsons Network,56,85,85.00,Sì,No
OK Mobility - Aeroporto Olbia,Agenzia di noleggio auto,https://okmobility.com/it/rent/stores/italia/olbia/aeroporto-olbia,06 5326 2388,Via Degli Astronomi,Olbia,,,https,React,No,"Amazon.com, Inc.",31,41,85.00,Sì,No
Balestrucci Srl - Autonoleggio con Conducente,Agenzia di noleggio auto,,0785 20550,"Zona Industriale Bonutrau, Macomer, NU 08015",Macomer,,,,,,,,,,,
Porto San Paolo Noleggi,Servizio di noleggio scooter,,0789 189 0130,"Viale Pietro Nenni, 22",Porto San Paolo,,,,,,,,,,,
Ninu Motors Macomer,Negozio di biciclette,,340 378 0768,"Via Sicilia, 21",Macomer,,,,,,,,,,,
Hobby Motor,Concessionario moto,,070 732 4944,"Via Mogoro, 49",Quartucciu,,,,,,,,,,,
Europcar Tortolì,Agenzia di noleggio auto,,0782 620090,"Via Tirso, 37",Tortolì,,,,,,,,,,,
Sarcidano Quad,Guida escursionistica,,347 535 7388,"funtana maore, 5",Laconi,,,,,,,,,,,
Denanni Motorsport,Officina per la riparazione di moto,http://www.denannimotorsport.com,342 036 5328,"Via Trieste, 100",Nuoro,,denannimotors@gmail.com,https,ASP.NET,No,Aruba S.p.A. Network,56,55,82.00,Sì,No
NOLEGGIO AUTO E SCOOTER CARROZZI,Agenzia di noleggio auto,,0832 851276,Via Lecce,Vernole,,,,,,,,,,,
Nicol Sport,Agenzia di noleggio auto,https://www.rentforlamaddalena.com,348 560 0353,"Via Amendola, 16",La Maddalena,,info@rentforlamaddalena.com,https,WordPress,No,Servereasy Srl,63,81,100.00,Sì,No
Noleggio Flli.Cuccu - Auto-Scooter- Quad-Gommoni - Ebike-,Agenzia di noleggio moto,https://www.fratellicuccu.it,0789 737706,"Via Amendola, 45",La Maddalena,,,https,React,No,Servereasy Srl,67,95,85.00,Sì,No
Noleggio Rondinella La Maddalena,Agenzia di noleggio moto,,377 315 4433,"Via Amendola, 41",La Maddalena,,,,,,,,,,,
Autonoleggio Tani's Rent,Agenzia di noleggio auto,https://www.tanisrent.com,347 371 2808,"V. Nazionale, 54",San Teodoro,,info@tanisrent.com,https,React,No,Aruba S.p.A.,68,85,91.00,Sì,No
Olbia Rent,Agenzia di noleggio auto,http://www.olbiarent.it,340 401 5680,"Via delle Terme Vicolo A, 1",Olbia,,info@olbiarent.it,https,Shopify,No,Aruba S.p.A.,53,61,92.00,Sì,No
GoScooter.it Olbia,Servizio di noleggio scooter,,351 360 4225,"Via degli Esploratori, 5",Olbia,,,,,,,,,,,
DWR MOTO,Concessionario moto,,0789 53684,"Via Arnolfo di Cambio, 30",Olbia,,,,,,,,,,,
Barbagia Rent E-Bike,Servizio di noleggio biciclette,,327 769 4019,"Via Roma, 122",Gavoi,,,,,,,,,,,
MG RACING,Concessionario moto,http://mgracingonline.com,0836 567487,"Via Lecce, 276",Soleto,,info@mgracingonline.com,https,React,Sì,Keliweb S.R.L,26,56,92.00,Sì,No
Sardinia G Travel | Noleggio bus Sardegna,Servizi di trasporto,https://www.sardiniagtravel.it,329 191 1029,"Via Roma, 77",Gavoi,,info@sardiniagtravel.it,http,ASP.NET,No,Servereasy Srl,56,78,92.00,Sì,No
SUPRAQUADADVENTURE,Servizio di noleggio quad,,377 337 6777,"Via Peppino Mereu, 1",Orgosolo,,,,,,,,,,,
Marcomoto,Officina per la riparazione di moto,,0783 310036,"Via G. Matteotti, 81",Ghilarza,,,,,,,,,,,
Noleggio escavatori Sardegna,Impresa di scavi e demolizioni,http://noleggioescavatori.sardegna.it,334 198 6900,Via Pardu,Ghilarza,,pc121966@gmail.com,https,React,Sì,Moviement srl - Shared Services,72,97,92.00,Sì,No
Autonoleggio Golfo Aranci SL Service srl,Agenzia di noleggio auto,,331 390 8525,"Via degli Iris, 7",Golfo Aranci,,,,,,,,,,,
SG motor rent (noleggio scooter),Servizio di noleggio scooter,,379 192 1250,"Via R. Ardigò, 3",Ostuni,,,,,,,,,,,
Emerald Coast Rent,Agenzia di noleggio auto,https://www.emeraldcoastrent.it,347 158 3464,"Via Libertà, 59",Golfo Aranci,,info@emeraldcoastrent.it,http,WordPress,Sì,Server Plan S.r.l.,65,88,92.00,Sì,No
RobyRace Rent,Agenzia di noleggio moto,,339 850 8306,"Via Paolo Mossa, 9",Golfo Aranci,,,,,,,,,,,
Seadoo Centre Sardinia,Fornitore di accessori nautici,https://www.seadoocentresardinia.com,348 320 3222,"Via Angola, 11/19",Olbia,,info@seadoocentresardinia.com,https,WordPress,Sì,Aruba S.p.A.,52,92,92.00,Sì,No
Autonoleggio R&D S.P.A. F.lli Ariu Robertino & Ariu David.,Agenzia di noleggio auto,,370 341 5769,"Via Is Pascais, 135",Giba,,,,,,,,,,,
Autonoleggio Angelo Mesina,Agenzia di noleggio auto,,342 844 5814,Via Ferros,Dorgali,,,,,,,,,,,
Floris Tonino Officina Autorizzata Piaggio,Negozio di ricambi per motociclette,,0784 285393,Via Sardegna,Oliena,,,,,,,,,,,
Rent bike Oristano Dore Biciclette Vendita E Riparazione,Servizio di noleggio biciclette,,0783 212172,"Via Tirso, 138",Oristano,,,,,,,,,,,
Discovery Quad,Agenzia di noleggio moto,http://www.discoveryquad.it,329 843 8714,Via SP 147 Martano-Borgagne,Carpignano Salentino,,,https,ASP.NET,No,Aruba S.p.A. Network,53,51,92.00,Sì,No
Noleggio Sardegna,Agenzia di noleggio auto,https://www.noleggiolungotermineroma.it/noleggio-sardegna,348 864 8847,"Località La Sarra, 4",Calangianus,,preventivi@noleggiolungotermineroma.it,https,WordPress,Sì,Server Plan S.r.l.,65,90,92.00,Sì,No
Rent Italy Sardegna,Agenzia di noleggio auto,,331 121 9634,"SS 125 Orientale Sarda, 324",Olbia,,,,,,,,,,,
Autonoleggio Smeralda,Agenzia di noleggio auto,http://www.autonoleggiosmeralda.it,333 132 0176,"Piazza Monti Alcu, 15",Calangianus,,,http,WordPress,No,Aruba S.p.A.,36,50,92.00,Sì,No
Autonoleggio Panor Viaggi di Pani Francesco & Anedda Piero Snc,Agenzia di noleggio auto,,339 860 7024,"Corso Cavour, 48",Orroli,,,,,,,,,,,
Jimmy auto & moto,Agenzia di noleggio auto,,370 339 1864,"Via Gerolamo Aleandro, 5",Brindisi,,,,,,,,,,,
Autoin di Loddo Massimiliano,Agenzia di noleggio auto,,0784 79848,Vicolo Dionisi 3,Orotelli,,,,,,,,,,,
PL RENTAL CAR AUTONOLEGGIO,Agenzia di noleggio auto,,392 883 4122,Via Iglesias,Gonnesa,,,,,,,,,,,
Autonoleggio Manca,Agenzia di noleggio auto,http://www.autonoleggiomanca.it,393 908 9838,"Vico I G.Bruno, 6",Gonnesa,,autoservizimanca@tiscali.it,https,ASP.NET,No,Connesi s.p.a.,56,91,92.00,Sì,No
Autoricambi Mameli sas,Negozio di ricambi per auto,,0781 45127,"Corso Giacomo Matteotti, 209",Gonnesa,,,,,,,,,,,
Q8 Autonoleggio Dolia,Autolavaggio,https://mascia.renthubsoftware.com/rental-booking-engine/search,388 368 1885,"Corso Repubblica, 243",Dolianova,,natascia.mascia73@gmail.com,https,Laravel,Sì,Amazon Technologies Inc.,55,88,92.00,Sì,No
AUTONOLEGGIO DANTRAVEL,Agenzia di noleggio auto,http://www.autonoleggiodantravel.com,0781 350073,"Via Indipendenza, 30",Iglesias,,info@autonoleggiodantravel.com,https,Joomla,Sì,Aruba S.p.A.,43,57,92.00,Sì,No
Locauto,Agenzia di noleggio auto,,02 4302 0412,Cagliari Aeroporto,Elmas,,,,,,,,,,,
Mototime Di Mori Claudia,Concessionario moto,,0781 63221,"Piazza Cagliari, 11 /12",Carbonia,,,,,,,,,,,
Autonoleggio Sardinya - Aeroporto di Cagliari Elmas,Agenzia di noleggio auto,http://www.autonoleggiosardinya.it,070 240444,"Aeroporto di Cagliari, Via dei Trasvolatori",Elmas,,,https,WordPress,Sì,"Cloudflare, Inc.",59,74,85.00,Sì,No
Speedy Motor di Masia Giovanni,Negozio di biciclette,,0781 660314,"Via Lubiana, 255",Carbonia,,,,,,,,,,,
Motor Vogue Di Fabio Ruggeri,Negozio di motociclette,,0781 662032,"Via Sebastiano Satta, 1",Carbonia,,,,,,,,,,,
Movers,Agenzia di noleggio auto,https://www.moversrent.it,0781 670242,"Via Lubiana, 224",Carbonia,,info@moversrent.com,https,ASP.NET,No,"Cloudflare, Inc.",49,70,85.00,Sì,No
Autonoleggio Loddo Viaggi,Agenzia di noleggio auto,,348 605 0437,Via Buoncammino,Cardedu,,,,,,,,,,,
Curreli Group,Servizio di traino,http://www.curreligroup.com,393 979 5357,Via Teulada,Capoterra,,info@curreligroup.com,https,WordPress,No,SEEWEB s.r.l.,60,71,92.00,Sì,No
Let's BIKE Sardinia,Servizio di noleggio biciclette,https://letsbikesardinia.com,331 620 2373,"Vico 1' Sos Alinos, 2/3",Orosei,,,https,React,No,"Cloudflare, Inc.",68,53,92.00,Sì,No
Oroseinbike,Servizio di noleggio biciclette,https://oroseinbike.it,370 132 5002,"Piazza del Mercato, 31",Orosei,,info@oroseinbike.it,https,WordPress,Sì,Servereasy Srl,57,67,92.00,Sì,No
CITYCAR Autosalone - Noleggio a breve e lungo termine,Rivenditore di auto,http://www.citycarauto.com,0836 992478,S.S. 275 Maglie - Leuca,Botrugno,,,https,Angular,Sì,Aruba S.p.A. Network,54,89,92.00,Sì,No
Escursioni Quad Guasila & Vendite Motocicli,Concessionario di quad,https://www.bosamotori.it,346 622 8592,"Via Villanovafranca, 13",Guasila,,info@bosamotori.it,https,WordPress,Sì,Krystal Hosting Ltd,61,59,92.00,Sì,No
Biciclette Mimmo's Cycles ciclofficina,Negozio di biciclette,,340 092 6287,"Via XXV Luglio, 45",Guspini,,,,,,,,,,,
TONDOMOTOLECCE CONCESSIONARIO MOTO E SCOOTER VOGE ZONTES FANTIC MOTOR CABALLERO,Concessionario moto,,330 823 506,"Via Taranto, 56 A/C",Lecce,,,,,,,,,,,
RD Sardinia Servizi Turistici / Sardinia Multiservizi,Agenzia di noleggio auto,,342 807 7480,Piazza Italia Locale 8,Costa Rei,,,,,,,,,,,
Elba Enjoy Rent Noleggio scooter moto,Agenzia di noleggio moto,https://www.elbaenjoy.it/noleggio-scooter,0565 95000,"Banchina 23 Novembre, 57036",Porto Azzurro,,info@elbaenjoy.it,https,Shopify,Sì,Hetzner Online GmbH,56,76,85.00,Sì,No
Noleggio Maracaibo,Agenzia di noleggio auto,,380 528 6398,Via Centrale,Castiadas,,,,,,,,,,,
Rent a Car Simius,Agenzia di noleggio auto,http://www.rentacarsimius.com,070 792 8037,"Via Roma, 77",Villasimius,,,https,React,Sì,Servereasy Italy,77,77,91.00,Sì,No
FeF escursioni quad e montainbike rent,Agenzia di noleggio auto,,347 702 7684,Via Vittorio Emanuele,Fluminimaggiore,,,,,,,,,,,
Noleggio auto e furgoni Ichnusa Rent Villasimius,Agenzia di noleggio auto,https://www.ichnusarent.it,340 740 4541,"Via del Mare, 127",Villasimius,,info@ichnusarent.it,https,React,Sì,Servereasy Srl,41,61,92.00,Sì,No
Aresu Bus,Agenzia di noleggio auto,,339 723 8664,"Via Guglielmo Marconi, 85",Lanusei,,,,,,,,,,,
Ducati Lecce,Concessionario moto,http://ducatilecce.it,0832 363535,Via Maestri del Lavoro,Surbo,,info@ducatilecce.it,https,WordPress,Sì,Hetzner Online GmbH,55,60,92.00,Sì,No
Tortoli Rent ebike & boat,Servizio di noleggio biciclette,https://www.tortolirent.com,379 179 0208,"Via Vittorio Emanuele, 22",Tortolì,,prenotazione@tortolirent.com,https,WordPress,No,Aruba S.p.A.,36,70,85.00,Sì,No
Iglesias Rent Bike,Servizio di noleggio biciclette,,351 898 6701,"Piazza Pichi, 3",Iglesias,,,,,,,,,,,
Eurodriver 3000 Di Floris Gianluca,Agenzia di noleggio auto,,338 526 8132,"Via Aldo Moro, 7",Iglesias,,,,,,,,,,,
Express Car Noleggio Auto Scooter e Bici,Agenzia di noleggio auto,http://www.expresscaralghero.com,320 841 0446,"Via Giovanni Pascoli, 13A",Alghero,,info@expresscaralghero.com,https,Shopify,Sì,OVH SAS,56,67,92.00,Sì,No
Sardegnamoto,Officina per la riparazione di moto,http://www.sardegnamoto.eu,+49 160 1889611,"Via G. Deledda, 35",Sadali,,sardegnamoto.eu@yahoo.com,https,React,No,Strato AG,53,69,100.00,Sì,No
Vendita e Noleggio Auto Soddisfauto,Agenzia di noleggio auto,,340 342 6676,"SP4, Snc",San Sperate,,,,,,,,,,,
Pillai Michele Autocarrozzeria Samassi,Carrozzeria,,333 522 0132,"Via Gandhi, 14",Samassi,,,,,,,,,,,
TS Rental Car - Noleggio Auto Cagliari e Sardegna,Agenzia di noleggio auto,,329 249 1021,"Via Risorgimento, 94",San Sperate,,,,,,,,,,,
Noleggio e-bike di Pados Bike,Servizio di noleggio biciclette,,347 437 0693,"Via Satta, 2",Sarroch,,,,,,,,,,,
Autonoleggio Gianluca Lande,Agenzia di noleggio auto,,348 751 3343,"Via Papa Giovanni XXIII, 26",Sarule,,,,,,,,,,,
Consorzio Turistico Stintino,Agenzia di escursioni in barca,,334 198 5144,"Via Marco Polo, 20",Stintino,,,,,,,,,,,
Tuttomoto Srl,Concessionario Honda,,079 267 5060,Via Predda Niedda Str. 18,Sassari,,,,,,,,,,,
Progettomoto,Concessionario moto,http://www.progettomoto.net,079 261978,"Via Predda Niedda, 37",Sassari,,progettomotosassari@gmail.com,https,Angular,No,Aruba S.p.A.,49,46,82.00,Sì,No
Europcar,Agenzia di noleggio auto,,079 933 0990,"Viale Porto Torres, 44",Sassari,,,,,,,,,,,
ABC Motors S.n.c. concessionario gruppo Aprilia,Negozio di motociclette,http://www.abcmotorssassari.com,079 376 2018,"Viale S. Francesco, 6",Sassari,,//abcmotors@tiscali.it,https,ASP.NET,Sì,OVH SAS,59,93,92.00,Sì,No
Autonoleggi Demontis HQ,Agenzia di noleggio auto,https://www.autonoleggidemontis.com,079 263 9000,"Via Predda Niedda, 23",Sassari,,,https,WordPress,Sì,Contabo GmbH,54,77,100.00,Sì,No
Noleggiare,Agenzia di noleggio auto,https://www.noleggiare.it/it/noleggio-auto/sedi/noleggio-auto-a-sassari,340 249 1930,"Via Predda Niedda, 6",Sassari,,info@noleggiare.it,https,Angular,No,"Cloudflare, Inc.",40,64,85.00,Sì,No
Monaco Rent - Autonoleggio Quartu Sant'elena - Cagliari,Agenzia di noleggio auto,http://www.monacorent.it,327 679 1955,"Via Monaco, 38",Quartu Sant'Elena,,,https,Joomla,Sì,Aruba S.p.A.,57,62,85.00,Sì,No
OFFICINE SARDA REVISIONI AUTO E MOTO CAGLIARI,Centro per la revisione tecnica delle auto,http://www.sarda-revisioni.it,070 498123,"Via Pierluigi da Palestrina, 36",Cagliari,,sardarevisioni@pec.it,https,Shopify,No,Aruba S.p.A.,56,75,100.00,Sì,No
Tibula Rent,Agenzia di noleggio auto,http://www.tibularent.it,0789 189 5239,"Via Maria Teresa, 39",Santa Teresa Gallura,,,https,Drupal,No,"Cloudflare, Inc.",90,100,92.00,Sì,No
Centralmoto Bici e Fitness | Sanluri,Concessionario moto,,070 937 0546,"Via Carlo Felice, 33",Sanluri,,,,,,,,,,,
Bicycle rental Sardinia,Servizio di noleggio biciclette,,328 545 8896,"Via Sant' Antioco, SNC",Sanluri,,,,,,,,,,,
Noleggio Auto Scooter e Bici San Foca,Agenzia di noleggio auto,,393 580 0376,"Via Duca D'Aosta angolo Via Montegrappa, 5",San Foca,,,,,,,,,,,
Autolinee Trexenta,Concessionario auto,http://www.viaggilisci.it,070 980 8451,"Via C. Sanna, 260",Senorbì,,,https,ASP.NET,No,Aruba S.p.A. Network,69,99,82.00,Sì,No
Malbes Rent srl,Agenzia di noleggio auto,http://www.autonoleggioinsardegna.it,070 22379,"Via Piscina Matzeu, 24",Sestu,,info@casavacanzevillasimius.it,https,Joomla,Sì,Aruba S.p.A. Network,62,92,92.00,Sì,No
F.lli Cazzetta sas - NOLEGGIO,Servizio di noleggio scooter,https://f-lli-cazzetta-sas-noleggio.jimdosite.com,328 551 0988,"Via Montegrappa, 26",Palmariggi,,,,Jimdo,Non trovato,"Cloudflare, Inc.",70,98,92.00,Stato Non Determinato,No
Simacar Srl,Officina autoriparazioni,,0783 50014,"S.P. 70 Prolung, Via Renato Marroccu, 09170",Oristano,,,,,,,,,,,
Autonoleggio Sardinya - Santa Teresa Gallura,Agenzia di noleggio auto,http://www.autonoleggiosardinya.it,0789 759090,"Via Maria Teresa, 29",Santa Teresa Gallura,,,https,WordPress,Sì,"Cloudflare, Inc.",59,75,85.00,Sì,No
Noleggio auto e scooter Start & Go,Agenzia di noleggio auto,https://ischianoleggi.it,081 996235,"Via Iasolino, 86",Ischia,,,https,WordPress,No,Fastweb SpA,67,91,92.00,Sì,No
Superbike Siniscola Motociclette,Negozio di abbigliamento,,347 310 1081,"Via G.F.Conteddu, 08029",Siniscola,,,,,,,,,,,
Autonoleggi Demontis - Noleggio Veicoli Commerciali e Furgoni allestiti - Siniscola,Agenzia di noleggio auto,https://www.autonoleggidemontis.com,0784 810829,"Via Cagliari, 96",Siniscola,,,https,WordPress,Sì,Contabo GmbH,57,75,100.00,Sì,No
Back Flip Mountain Road and More Bikes,Negozio di biciclette,https://www.backflipmtb.com,351 914 0460,"Viale della Libertà, 121",Sinnai,,,https,Joomla,No,Aruba S.p.A. Network,79,98,100.00,Sì,No
Centro Servizi Stintino,Servizio di noleggio biciclette,http://www.windsurfingcenter.it/#!/e/8b7a86fa8b8996d41a9afb389c617b82,388 408 7462,"Via Sassari, 125",Stintino,,info@windsurfingcenter.it,http,ASP.NET,No,Tiscali SpA,,,,Sì,No
Noleggio moto d'acqua Stintino - Wave Rent,Noleggio barche,http://www.waverentstintino.com,351 717 2514,"Via Cala di Vacca, 1",Stintino,,,https,Shopify,No,"Amazon.com, Inc.",55,91,100.00,Sì,No
RemelCar Noleggio Auto e Veicoli Commerciali,Agenzia di noleggio auto,,347 439 3525,"Via Adriano Olivetti, 10",Terralba,,,,,,,,,,,
D'AMICO,Negozio di biciclette,http://damico.bike,0783 81739,"Via Baccelli, 257",Terralba,,info@damico.bike,https,WordPress,No,Netsons s.r.l.,41,75,92.00,Sì,No
Noleggio bici e scooter Gallipoli M.bike,Servizio di noleggio biciclette,,327 079 2966,stazione,Gallipoli,,,,,,,,,,,
Dongiovanni Noleggio Bici e Scooter,Servizio di noleggio scooter,,329 988 2401,"Via Vittorio Veneto, 168",Poggiardo,,,,,,,,,,,
Noleggio Gommoni Teulada Charter,Noleggio barche,http://www.teuladacharter.it/noleggio.php,338 639 3053,Spiaggia Portu Tramatzu,Teulada,,info@teuladacharter.it,http,React,No,Aruba S.p.A. Network,65,93,82.00,Sì,No
Teuladauto - Autonoleggio Servizio Taxi,Servizio taxi,,070 927 3049,"Via Sulcis, 43",Teulada,,,,,,,,,,,
Sisine Quad Rental di Fabrizio Piras,Servizio di noleggio quad,https://sisinequadrental.com,327 669 9456,Località Padente Olidone,Ardali,,sisinequadrental@tiscali.it,https,WordPress,No,Serverplan s.r.l.,56,89,92.00,Sì,No
Garage Bike Di Stefano Garau,Negozio di biciclette,,070 997 7589,"Via Nazionale, 184",Villaputzu,,,,,,,,,,,
Sam rental,Agenzia di noleggio auto,https://www.samautosrl.it,0832 183 1393,"Piazzale Rudiae, 10",Lecce,,,https,React,No,"Cloudflare, Inc.",56,78,83.00,Sì,No
Autonoleggio Filippo Viaggi,Agenzia di noleggio auto,,333 731 5007,"Via Nazionale, 132",Ussassai,,,,,,,,,,,
Wild Ogliastra Escursioni Quad e fuoristrada,Agenzia per escursioni,http://www.wildogliastra.com,320 742 5658,Via cerina,Ulassai,,wildogliastra@gmail.com,https,React,No,Aruba S.p.A.,59,90,100.00,Sì,No
E Motion Di Depau Giulia E Depau Simone,Agenzia di visite turistiche,http://www.sardiniaemotion.it,329 834 3930,"Via Giuseppe Garibaldi, 89",Ulassai,,info@sardiniaemotion.it,https,Shopify,Sì,Aruba S.p.A.,60,90,92.00,Sì,No
Anda e Torra di daniele deiana,Servizio taxi,http://www.andaetorra.com,366 202 3588,Via Tiro al Piattello,Viddalba,,info@andaetorra.com,https,React,Sì,Aruba S.p.A.,56,71,100.00,Sì,No
NOVA RENT di Samuele Sitzia,Agenzia per il noleggio di attrezzature,,351 675 5239,"Via S. Maria, 8",Villacidro,,,,,,,,,,,
Autoparco Villacidro - Vendita Auto - Noleggio Auto Furgoni- Soccorso Stradale - Camper Service Sud Sardegna,Rivenditore di auto usate,http://www.autoparcovillacidro.it,320 389 0772,Zona Industriale,Villacidro,,,http,WordPress,No,Aruba S.p.A. Network,87,92,83.00,Sì,Sì
Automas Villacidro,Rivenditore di auto,https://www.automasvillacidro.it,070 733 2033,"Via S. Gavino Monreale, 77",Villacidro,,info@automasvillacidro.it,https,React,No,Aruba S.p.A.,56,82,92.00,Sì,No
La Via del Mare Viaggi e Vacanze,Agenzia di affitto di case per vacanze,https://www.laviadelmare.com,070 791009,"Via Umberto I, 122",Villasimius,,booking@laviadelmare.com,https,ASP.NET,No,Amazon Technologies Inc.,54,69,100.00,Sì,No
Bike Green Villasimius,Servizio di noleggio biciclette,http://www.bikegreen.eu,342 730 9557,"Via Matteotti, 13",Villasimius,,,https,React,No,HOSTINGER DE,53,77,100.00,Sì,No
Vacca Viaggi Autoservizi,Agenzia di noleggio auto,http://www.vaccaviaggi.net,070 934 3020,Str. B,Villacidro,,vaccaviaggi@alice.it,https,React,No,Connesi s.p.a.,56,89,85.00,Sì,No
Dinamica Rent Villasimius,Agenzia di noleggio auto,http://www.dinamicarent.it,070 22761,"Via Roma, 117/A",Villasimius,,cagliariapt@dinamicarent.it,https,React,No,Server Plan S.r.l.,20,48,85.00,Sì,No
Villa Verde,Casa di cura,http://www.villaverde.lecce.it,0832 224111,"Via Monteroni, 222",Lecce,,,https,WordPress,No,Aruba S.p.A.,65,82,100.00,Sì,No
Sardinia Circuit WS98 - Pista di Tramatza,Pista di go-kart,https://www.sardiniacircuitws98.it,334 624 8988,Complanare Est,Tramatza,,,https,Basekit,No,Aruba S.p.A.,49,77,100.00,Sì,No
Secci Leandro,Agenzia di noleggio auto,,0781 950152,"Via Nazionale, 18",Villaperuccio,,,,,,,,,,,
Gorropu rental quad Urzulei,Agenzia per escursioni,,377 969 0767,Sa Domu è S'orcu,Urzulei,,,,,,,,,,,
Noleggio Porto Cervo Di Rent.Sm Srl,Agenzia di noleggio auto,,0789 91122,"Strada Provinciale Arzachena, 104",Arzachena,,,,,,,,,,,
Manconi Viaggi,Agenzia di noleggio auto,,339 765 5393,"Via Vittorio Emanuele, 16",Banari,,,,,,,,,,,
Taxi Chessa Roberto Massimo,Servizio taxi,,348 906 2907,"Localita, Via Centrale, snc",Castiadas,,,,,,,,,,,
Eolian Noleggi Scooter Auto Barche,Autonoleggio,http://www.eoliannoleggi.it,338 247 6192,"Via Marina Garibaldi, 11",Canneto,,,https,Angular,Sì,Keliweb S.R.L,68,92,100.00,Sì,No
Wheel Renting,Agenzia di noleggio auto,https://www.olbianoleggioauto.it,333 279 5404,"Viale Concas Caddinas, 52-84",Golfo Aranci,,noleggio@wheelrenting.com,https,React,Sì,Aruba S.p.A,62,88,92.00,Sì,No
Mondo Motor's Centro Revisioni - Autofficina - Autolavaggio,Centro per la revisione tecnica delle auto,http://www.mondomotors.net,070 938 9281,Via dell'Artigianato,Samassi,,,https,Joomla,No,OVH SAS,76,98,100.00,Sì,No
Autonoleggio Arru Viaggi Sorgono,Servizio taxi minibus,,328 135 5364,"Vico I Contini Canonico, 18",Sorgono,,,,,,,,,,,
Europcar Olbia,Agenzia di noleggio auto,,0789 206074,"Via Genova, 67",Olbia,,,,,,,,,,,
Nolauto Car Rental,Agenzia di noleggio auto,http://www.nolauto.it,079 973 9763,"Via Giuseppe Garibaldi, 33",Alghero,,info@nolauto.it,https,ASP.NET,Sì,"Cloudflare, Inc.",44,82,92.00,Sì,No
"Taxi, NCC e navetta a Gallipoli H24 - Noleggio Auto -AutoPiù",Agenzia di noleggio auto,http://autonoleggiogallipoli.com,380 213 5643,"Via Vittorio Alfieri, 4",Gallipoli,,noleggio013@gmail.com,https,WordPress,Sì,Server Plan S.r.l.,59,82,92.00,Sì,No
Pro Loco Nurallaese,Centro informazioni turistiche,,0782 815330,"Via A. Moro, 54",Nurallao,,,,,,,,,,,
T.Rent,Agenzia di noleggio auto,https://trentolbia.it,329 747 1023,"C.so Vittorio Veneto, 44B",Olbia,,info@trentolbia.it,https,WordPress,No,Serverplan s.r.l.,,,,Sì,No
Associazione Turistica PRO LOCO OLLOLAI,Centro informazioni turistiche,http://www.prolocoollolai.it,345 103 3433,"Piazza Guglielmo Marconi, 1",Ollolai,,info@prolocoollolai.it,https,WordPress,Sì,Aruba S.p.A.,,,,Sì,No
Autonoleggio S'Andira di Pasquale Seddone,Agenzia di noleggio auto,https://www.asandira.it,338 506 7009,"Via Antonio Ballero, 117",Nuoro,,,https,Mobirise,No,Aruba S.p.A.,,,,Sì,No
Carrozzeria e noleggio Pasin,Autocarrozziere,,347 922 2538,Via Luigi Rizzi,Ploaghe,,,,,,,,,,,
Nuraxifenu NCC di Steri Giovanni,Azienda di trasporti in autobus,,347 733 1909,"Via G. Deledda, 19",Pabillonis,,,,,,,,,,,
Scoot Service,Azienda di autotrasporti,,+33 5 59 84 50 66,39 Rue Michel Hounau,Pau,,,,,,,,,,,
Ecomoove NOLEGGIO Biciclette La Caletta,Servizio di noleggio biciclette,http://www.ecomoove.it,349 863 4060,"Via Ancona, 21",La Caletta,,info@ecomoove.it,http,WordPress,No,Aruba S.p.A. Network,,,,Sì,No
Crossodromo Comunale Le Dune,Pista per gare fuoristrada,http://www.motorschoolriola.it,346 623 2404,Ex Strada Provinciale 10,Riola Sardo,,motorschool.riolas@gmail.com,https,WordPress,No,Aruba S.p.A.,,,,Sì,No
Guglielmi Rent Cagliari,Agenzia di noleggio auto,https://guglielmirent-cagliari.it,328 898 2746,"Via Gorizia, 36a",Sestu,,,https,Shopify,Sì,Aruba S.p.A.,,,,Sì,No
SPEEDY CAR & RENT,Agenzia di noleggio auto,https://speedycar.renthubsoftware.com/rental-booking-engine/search,351 356 6325,"VIA ROMA 30/32, VIA FRANCESCA SANNA SULIS, S.N",Selargius,,speedyrentnolo@gmail.com,https,Laravel,Sì,Amazon Technologies Inc.,,,,Sì,No
Explora Bike Planet,Negozio di biciclette,https://www.explorabikeplanet.com,327 761 8757,"Via Livorno, 12",Siniscola,,explorabikesardinia@gmail.com,https,Shopify,No,Aruba S.p.A.,,,,Sì,No
Il Giocattolo Snc,Negozio di biciclette,,0784 878535,"Via Roma, 48",Siniscola,,,,,,,,,,,
Sixt Rent a Car,Agenzia di noleggio auto,,342 129 8109,"Regione Nuraghe Biancu, Aeroporto di Alghero",Alghero,,,,,,,,,,,
Corigliano Motorbike - Vendita accessori e ricambi moto e bici - Vendita biciclette,Negozio di biciclette,https://www.coriglianomoto.it,0832 731167,"Via Camillo Benso Conte di Cavour, 98",Salice Salentino,,info@coriglianomoto.it,https,WordPress,No,Aruba S.p.A.,,,,Sì,No
Peppitas di Canu Daniele,Agenzia viaggi,http://agenzia.peppitas.it,340 763 8821,"Corso Vittorio Emanuele, 51",Buddusò,,info@peppitas.it,http,Basekit,No,Aruba S.p.A.,,,,Sì,No
Sixt Noleggio Auto Cagliari Aeroporto,Agenzia di noleggio auto,,02 9475 7979,"Sala, Arrivi",Elmas,,,,,,,,,,,
PalaTours - Taxi Cala Gonone - Autonoleggio - Transfer Sardegna,Servizio taxi minibus,http://www.autonoleggiopalatours.it,348 033 0475,"Via Giotto, 15",Dorgali,,palabus@tiscali.it,https,React,Sì,OVH SAS,,,,Sì,No
Sardinia Photo Event Di Loi Ettore S.A.S.,Laboratorio fotografico,http://www.sardiniaphotoevent.it,0782 33703,"Via Nazionale, 12",Ilbono,,,https,WordPress,Sì,OVH ISP,,,,Sì,No
Associazione Turistica Culturale Pro Loco Masullas,Centro informazioni turistiche,,379 202 0990,"Via Cappuccini, 59",Masullas,,,,,,,,,,,
MOBEE s.r.l,Agenzia di noleggio moto,https://www.mobeerent.com,320 212 9387,"Via Bettola, 13",Cinisello Balsamo,,info@mobeerent.com,https,React,No,Aruba S.p.A.,,,,Sì,No
Officina Meccanica C&M Motors e Soccorso Stradale,Officina autoriparazioni,,0783 410209,"Via Enzo Ferrari, 11",Nurachi,,,,,,,,,,,
Treno e Scooter Rent by Magic Motor srl,Servizio di noleggio scooter,https://rent.trenoescooter.com,349 416 9730,"Via Castelfidardo, 70/72",Roma,,,https,React,No,OVH SAS,,,,Sì,No
