comuni;
Accumoli;
Acquafondata;
Acquapendente;
Acuto;
Affile;
Agosta;
Alatri;
Albano Laziale;
Allumiere;
Alvito;
Amaseno;
Amatrice;
Anagni;
Anguillara Sabazia;
Anticoli Corrado;
Antrodoco;
Anzio;
Aprilia;
Aquino;
Arce;
Arcinazzo Romano;
Ardea;
Ariccia;
Arlena di Castro;
Arnara;
Arpino;
Arsoli;
Artena;
Ascrea;
Atina;
Ausonia;
Bagnoregio;
Barbarano Romano;
Bassano in Teverina;
Bassano Romano;
Bassiano;
Bellegra;
Belmonte Castello;
Belmonte in Sabina;
Blera;
Bolsena;
Bomarzo;
Borbona;
Borgo Velino;
Borgorose;
Boville Ernica;
Bracciano;
Broccostella;
Calcata;
Camerata Nuova;
Campagnano di Roma;
Campodimele;
Campoli Appennino;
Canale Monterano;
Canepina;
Canino;
Cantalice;
Cantalupo in Sabina;
Canterano;
Capena;
Capodimonte;
Capranica;
Capranica Prenestina;
Caprarola;
Carbognano;
Carpineto Romano;
Casalattico;
Casalvieri;
Casape;
Casaprota;
Casperia;
Cassino;
Castel di Tora;
Castel Gandolfo;
Castel Madama;
Castel San Pietro Romano;
Castel Sant'Angelo;
Castel Sant'Elia;
Castelforte;
Castelliri;
Castelnuovo di Farfa;
Castelnuovo di Porto;
Castelnuovo Parano;
Castiglione in Teverina;
Castro dei Volsci;
Castrocielo;
Cave;
Ceccano;
Celleno;
Cellere;
Ceprano;
Cerreto Laziale;
Cervara di Roma;
Cervaro;
Cerveteri;
Ciampino;
Ciciliano;
Cineto Romano;
Cisterna di Latina;
Cittaducale;
Cittareale;
Civita Castellana;
Civitavecchia;
Civitella d'Agliano;
Civitella San Paolo;
Colfelice;
Collalto Sabino;
Colle di Tora;
Colle San Magno;
Colleferro;
Collegiove;
Collepardo;
Collevecchio;
Colli sul Velino;
Colonna;
Concerviano;
Configni;
Contigliano;
Corchiano;
Coreno Ausonio;
Cori;
Cottanello;
Esperia;
Fabrica di Roma;
Faleria;
Falvaterra;
Fara in Sabina;
Farnese;
Ferentino;
Fiamignano;
Fiano Romano;
Filacciano;
Filettino;
Fiuggi;
Fiumicino;
Fondi;
Fontana Liri;
Fonte Nuova;
Fontechiari;
Forano;
Formello;
Formia;
Frascati;
Frasso Sabino;
Frosinone;
Fumone;
Gaeta;
Gallese;
Gallicano nel Lazio;
Gallinaro;
Gavignano;
Genazzano;
Genzano di Roma;
Gerano;
Giuliano di Roma;
Gorga;
Gradoli;
Graffignano;
Greccio;
Grottaferrata;
Grotte di Castro;
Guarcino;
Guidonia Montecelio;
Ischia di Castro;
Isola del Liri;
Itri;
Jenne;
Labico;
Labro;
Ladispoli;
Lanuvio;
Lariano;
Latera;
Latina;
Lenola;
Leonessa;
Licenza;
Longone Sabino;
Lubriano;
Maenza;
Magliano Romano;
Magliano Sabina;
Mandela;
Manziana;
Marano Equo;
Marcellina;
Marcetelli;
Marino;
Marta;
Mazzano Romano;
Mentana;
Micigliano;
Minturno;
Mompeo;
Montalto di Castro;
Montasola;
Monte Compatri;
Monte Porzio Catone;
Monte Romano;
Monte San Biagio;
Monte San Giovanni Campano;
Monte San Giovanni in Sabina;
Montebuono;
Montefiascone;
Monteflavio;
Montelanico;
Monteleone Sabino;
Montelibretti;
Montenero Sabino;
Monterosi;
Monterotondo;
Montopoli di Sabina;
Montorio Romano;
Moricone;
Morlupo;
Morolo;
Morro Reatino;
Nazzano;
Nemi;
Nepi;
Nerola;
Nespolo;
Nettuno;
Norma;
Olevano Romano;
Onano;
Oriolo Romano;
Orte;
Orvinio;
Paganico Sabino;
Palestrina;
Paliano;
Palombara Sabina;
Pastena;
Patrica;
Percile;
Pescorocchiano;
Pescosolido;
Petrella Salto;
Piansano;
Picinisco;
Pico;
Piedimonte San Germano;
Piglio;
Pignataro Interamna;
Pisoniano;
Pofi;
Poggio Bustone;
Poggio Catino;
Poggio Mirteto;
Poggio Moiano;
Poggio Nativo;
Poggio San Lorenzo;
Poli;
Pomezia;
Pontecorvo;
Pontinia;
Ponza;
Ponzano Romano;
Posta;
Posta Fibreno;
Pozzaglia Sabina;
Priverno;
Proceno;
Prossedi;
Riano;
Rieti;
Rignano Flaminio;
Riofreddo;
Ripi;
Rivodutri;
Rocca Canterano;
Rocca d'Arce;
Rocca di Cave;
Rocca di Papa;
Rocca Massima;
Rocca Priora;
Rocca Santo Stefano;
Rocca Sinibalda;
Roccagiovine;
Roccagorga;
Roccantica;
Roccasecca;
Roccasecca dei Volsci;
Roiate;
Roma;
Ronciglione;
Roviano;
Sabaudia;
Sacrofano;
Salisano;
Sambuci;
San Biagio Saracinisco;
San Cesareo;
San Donato Val di Comino;
San Felice Circeo;
San Giorgio a Liri;
San Giovanni Incarico;
San Gregorio da Sassola;
San Lorenzo Nuovo;
San Polo dei Cavalieri;
San Vito Romano;
San Vittore del Lazio;
Santa Marinella;
Sant'Ambrogio sul Garigliano;
Sant'Andrea del Garigliano;
Sant'Angelo Romano;
Sant'Apollinare;
Sant'Elia Fiumerapido;
Santi Cosma e Damiano;
Santopadre;
Sant'Oreste;
Saracinesco;
Scandriglia;
Segni;
Selci;
Sermoneta;
Serrone;
Settefrati;
Sezze;
Sgurgola;
Sonnino;
Sora;
Soriano nel Cimino;
Sperlonga;
Spigno Saturnia;
Stimigliano;
Strangolagalli;
Subiaco;
Supino;
Sutri;
Tarano;
Tarquinia;
Terelle;
Terracina;
Tessennano;
Tivoli;
Toffia;
Tolfa;
Torre Cajetani;
Torri in Sabina;
Torrice;
Torricella in Sabina;
Torrita Tiberina;
Trevi nel Lazio;
Trevignano Romano;
Trivigliano;
Turania;
Tuscania;
Vacone;
Valentano;
Vallecorsa;
Vallemaio;
Vallepietra;
Vallerano;
Vallerotonda;
Vallinfreda;
Valmontone;
Varco Sabino;
Vasanello;
Vejano;
Velletri;
Ventotene;
Veroli;
Vetralla;
Vicalvi;
Vico nel Lazio;
Vicovaro;
Vignanello;
Villa Latina;
Villa San Giovanni in Tuscia;
Villa Santa Lucia;
Villa Santo Stefano;
Viterbo;
Viticuso;
Vitorchiano;
Vivaro Romano;
Zagarolo;
Abano Terme;
Adria;
Affi;
Agna;
Agordo;
Agugliaro;
Albaredo d'Adige;
Albettone;
Albignasego;
Alleghe;
Alonte;
Alpago;
Altavilla Vicentina;
Altissimo;
Altivole;
Angiari;
Anguillara Veneta;
Annone Veneto;
Arcade;
Arcole;
Arcugnano;
Ariano nel Polesine;
Arquà Petrarca;
Arquà Polesine;
Arre;
Arsiè;
Arsiero;
Arzergrande;
Arzignano;
Asiago;
Asigliano Veneto;
Asolo;
Auronzo di Cadore;
Badia Calavena;
Badia Polesine;
Bagnoli di Sopra;
Bagnolo di Po;
Baone;
Barbarano Mossano;
Barbona;
Bardolino;
Bassano del Grappa;
Battaglia Terme;
Belfiore;
Belluno;
Bergantino;
Bevilacqua;
Boara Pisani;
Bolzano Vicentino;
Bonavigo;
Borca di Cadore;
Borgoricco;
Borgo Valbelluna;
Borgo Veneto;
Borso del Grappa;
Bosaro;
Boschi Sant'Anna;
Bosco Chiesanuova;
Bovolenta;
Bovolone;
Breda di Piave;
Breganze;
Brendola;
Brentino Belluno;
Brenzone sul Garda;
Bressanvido;
Brogliano;
Brugine;
Bussolengo;
Buttapietra;
Cadoneghe;
Caerano di San Marco;
Calalzo di Cadore;
Caldiero;
Caldogno;
Calto;
Caltrano;
Calvene;
Camisano Vicentino;
Campagna Lupia;
Campiglia dei Berici;
Campo San Martino;
Campodarsego;
Campodoro;
Campolongo Maggiore;
Camponogara;
Camposampiero;
Canale d'Agordo;
Canaro;
Canda;
Candiana;
Caorle;
Cappella Maggiore;
Caprino Veronese;
Carbonera;
Carmignano di Brenta;
Carrè;
Cartigliano;
Cartura;
Casale di Scodosia;
Casale sul Sile;
Casaleone;
Casalserugo;
Casier;
Cassola;
Castagnaro;
Castegnero;
Castel d'Azzano;
Castelbaldo;
Castelcucco;
Castelfranco Veneto;
Castelgomberto;
Castelguglielmo;
Castello di Godego;
Castelmassa;
Castelnovo Bariano;
Castelnuovo del Garda;
Cavaion Veronese;
Cavallino-Treporti;
Cavarzere;
Cavaso del Tomba;
Cazzano di Tramigna;
Ceggia;
Cencenighe Agordino;
Ceneselli;
Cerea;
Ceregnano;
Cerro Veronese;
Cervarese Santa Croce;
Cesiomaggiore;
Cessalto;
Chiampo;
Chiarano;
Chies d'Alpago;
Chioggia;
Chiuppano;
Cibiana di Cadore;
Cimadolmo;
Cinto Caomaggiore;
Cinto Euganeo;
Cison di Valmarino;
Cittadella;
Codevigo;
Codognè;
Cogollo del Cengio;
Colceresa;
Colle Santa Lucia;
Colle Umberto;
Cologna Veneta;
Colognola ai Colli;
Comelico Superiore;
Cona;
Concamarise;
Concordia Sagittaria;
Conegliano;
Conselve;
Corbola;
Cordignano;
Cornedo Vicentino;
Cornuda;
Correzzola;
Cortina d'Ampezzo;
Costa di Rovigo;
Costabissara;
Costermano sul Garda;
Creazzo;
Crespadoro;
Crespino;
Crocetta del Montello;
Curtarolo;
Danta di Cadore;
Dolcè;
Dolo;
Domegge di Cadore;
Due Carrare;
Dueville;
Enego;
Eraclea;
Erbé;
Erbezzo;
Este;
Falcade;
Fara Vicentino;
Farra di Soligo;
Feltre;
Ferrara di Monte Baldo;
Ficarolo;
Fiesso d'Artico;
Fiesso Umbertiano;
Follina;
Fontanelle;
Fontaniva;
Fonte;
Fonzaso;
Fossalta di Piave;
Fossalta di Portogruaro;
Fossò;
Foza;
Frassinelle Polesine;
Fratta Polesine;
Fregona;
Fumane;
Gaiarine;
Gaiba;
Galliera Veneta;
Gallio;
Galzignano Terme;
Gambellara;
Garda;
Gavello;
Gazzo;
Gazzo Veronese;
Giacciano con Baruchella;
Giavera del Montello;
Godega di Sant'Urbano;
Gorgo al Monticano;
Gosaldo;
Grantorto;
Granze;
Grezzana;
Grisignano di Zocco;
Gruaro;
Grumolo delle Abbadesse;
Guarda Veneta;
Illasi;
Isola della Scala;
Isola Rizza;
Isola Vicentina;
Istrana;
Jesolo;
La Valle Agordina;
Laghi;
Lamon;
Lastebasse;
Lavagno;
Lazise;
Legnago;
Legnaro;
Lendinara;
Limana;
Limena;
Livinallongo del Col di Lana;
Longare;
Longarone;
Lonigo;
Loreggia;
Lorenzago di Cadore;
Loreo;
Loria;
Lozzo Atestino;
Lozzo di Cadore;
Lugo di Vicenza;
Lusia;
Lusiana Conco;
Malcesine;
Malo;
Mansuè;
Marano di Valpolicella;
Marano Vicentino;
Marcon;
Mareno di Piave;
Marostica;
Martellago;
Maser;
Maserà di Padova;
Maserada sul Piave;
Masi;
Massanzago;
Meduna di Livenza;
Megliadino San Vitale;
Melara;
Meolo;
Merlara;
Mestrino;
Mezzane di Sotto;
Miane;
Minerbe;
Mira;
Mirano;
Mogliano Veneto;
Monastier di Treviso;
Monfumo;
Monselice;
Montagnana;
Monte di Malo;
Montebello Vicentino;
Montebelluna;
Montecchia di Crosara;
Montecchio Maggiore;
Montecchio Precalcino;
Monteforte d'Alpone;
Montegalda;
Montegaldella;
Montegrotto Terme;
Monteviale;
Monticello Conte Otto;
Montorso Vicentino;
Morgano;
Moriago della Battaglia;
Motta di Livenza;
Mozzecane;
Musile di Piave;
Mussolente;
Nanto;
Negrar di Valpolicella;
Nervesa della Battaglia;
Noale;
Nogara;
Nogarole Rocca;
Nogarole Vicentino;
Nove;
Noventa di Piave;
Noventa Padovana;
Noventa Vicentina;
Occhiobello;
Oderzo;
Oppeano;
Orgiano;
Ormelle;
Orsago;
Ospedaletto Euganeo;
Ospitale di Cadore;
Padova;
Paese;
Palù;
Papozze;
Pastrengo;
Pedavena;
Pedemonte;
Pederobba;
Perarolo di Cadore;
Pernumia;
Pescantina;
Peschiera del Garda;
Pettorazza Grimani;
Piacenza d'Adige;
Pianezze;
Pianiga;
Piazzola sul Brenta;
Pieve del Grappa;
Pieve di Cadore;
Pieve di Soligo;
Pincara;
Piombino Dese;
Piove di Sacco;
Piovene Rocchette;
Pojana Maggiore;
Polesella;
Polverara;
Ponso;
Ponte di Piave;
Ponte nelle Alpi;
Ponte San Nicolò;
Pontecchio Polesine;
Pontelongo;
Ponzano Veneto;
Porto Tolle;
Porto Viro;
Portobuffolé;
Portogruaro;
Posina;
Possagno;
Pove del Grappa;
Povegliano;
Povegliano Veronese;
Pozzoleone;
Pozzonovo;
Pramaggiore;
Preganziol;
Pressana;
Quarto d'Altino;
Quinto di Treviso;
Quinto Vicentino;
Recoaro Terme;
Refrontolo;
Resana;
Revine Lago;
Riese Pio X;
Rivamonte Agordino;
Rivoli Veronese;
Roana;
Rocca Pietore;
Romano d'Ezzelino;
Roncà;
Roncade;
Ronco all'Adige;
Rosà;
Rosolina;
Rossano Veneto;
Rotzo;
Roverchiara;
Roveré Veronese;
Roveredo di Guà;
Rovigo;
Rovolon;
Rubano;
Saccolongo;
Salara;
Salcedo;
Salgareda;
Salizzole;
Salzano;
San Bellino;
San Biagio di Callalta;
San Bonifacio;
San Donà di Piave;
San Fior;
San Giorgio delle Pertiche;
San Giorgio in Bosco;
San Giovanni Ilarione;
San Giovanni Lupatoto;
San Gregorio nelle Alpi;
San Martino Buon Albergo;
San Martino di Lupari;
San Martino di Venezze;
San Mauro di Saline;
San Michele al Tagliamento;
San Nicolò di Comelico;
San Pietro di Cadore;
San Pietro di Feletto;
San Pietro di Morubio;
San Pietro in Cariano;
San Pietro in Gu;
San Pietro Mussolino;
San Pietro Viminario;
San Polo di Piave;
San Tomaso Agordino;
San Vendemiano;
San Vito di Cadore;
San Vito di Leguzzano;
San Zeno di Montagna;
San Zenone degli Ezzelini;
Sandrigo;
Sanguinetto;
Santa Caterina d'Este;
Santa Giustina;
Santa Giustina in Colle;
Santa Lucia di Piave;
Santa Maria di Sala;
Sant'Ambrogio di Valpolicella;
Sant'Angelo di Piove di Sacco;
Sant'Anna d'Alfaedo;
Sant'Elena;
Santo Stefano di Cadore;
San Stino di Livenza;
Santorso;
Sant'Urbano;
Saonara;
Sarcedo;
Sarego;
Sarmede;
Schiavon;
Schio;
Scorzè;
Sedico;
Segusino;
Selva di Cadore;
Selva di Progno;
Selvazzano Dentro;
Seren del Grappa;
Sernaglia della Battaglia;
Setteville;
Silea;
Soave;
Solagna;
Solesino;
Sommacampagna;
Sona;
Sorgà;
Sospirolo;
Sossano;
Soverzene;
Sovizzo;
Sovramonte;
Spinea;
Spresiano;
Stanghella;
Stienta;
Stra;
Susegana;
Taglio di Po;
Taibon Agordino;
Tambre;
Tarzo;
Teglio Veneto;
Teolo;
Terrassa Padovana;
Terrazzo;
Tezze sul Brenta;
Thiene;
Tombolo;
Tonezza del Cimone;
Torre di Mosto;
Torrebelvicino;
Torreglia;
Torri del Benaco;
Torri di Quartesolo;
Trebaseleghe;
Trecenta;
Tregnago;
Trevenzuolo;
Trevignano;
Treviso;
Tribano;
Trissino;
Urbana;
Val di Zoldo;
Val Liona;
Valbrenta;
Valdagno;
Valdastico;
Valdobbiadene;
Valeggio sul Mincio;
Vallada Agordina;
Valle di Cadore;
Valli del Pasubio;
Vazzola;
Vedelago;
Veggiano;
Velo d'Astico;
Velo Veronese;
Venezia;
Verona;
Veronella;
Vescovana;
Vestenanova;
Vicenza;
Vidor;
Vigasio;
Vigo di Cadore;
Vigodarzere;
Vigonovo;
Vigonza;
Villa Bartolomea;
Villa del Conte;
Villa Estense;
Villadose;
Villafranca di Verona;
Villafranca Padovana;
Villaga;
Villamarzana;
Villanova del Ghebbo;
Villanova di Camposampiero;
Villanova Marchesana;
Villaverla;
Villorba;
Vittorio Veneto;
Vo';
Vodo di Cadore;
Volpago del Montello;
Voltago Agordino;
Zanè;
Zenson di Piave;
Zermeghedo;
Zero Branco;
Zevio;
Zimella;
Zoppè di Cadore;
Zovencedo;
Zugliano;
